NOMBRE DEL INVESTIGADOR,NOMBRE_INVENTOR,Ratio
"VAZQUEZ GUEVARA,MIGUEL ANGEL","VAZQUEZ GUEVARA,MIGUEL ANGEL",100.0
"DOMINGUEZ ESQUIVEL,JOSE MANUEL","DOMINGUEZ ESQUIVEL,JOSE MANUEL",100.0
"MIRANDA OLVERA,ALMA DELIA","MIRANDA OLVERA,ALMA DELIA",100.0
"FLORES SANCHEZ,PATRICIA","FLORES SANCHEZ,PATRICIA",100.0
"ABURTO ANELL,JORGE ARTURO","ABURTO ANELL,JORGE ARTURO",100.0
"REYES VIDAL,MARIA YOLANDA","REYES VIDAL,MARIA YOLANDA",100.0
"MARIN CRUZ,JESUS","MARIN CRUZ,JESUS",100.0
"VEGA PAZ,ARACELI","VEGA PAZ,ARACELI",100.0
"MONTIEL SANCHEZ,LUISA ELENA","MONTIEL SANCHEZ,LUISA ELENA",100.0
"MARTINEZ PALOU,RAFAEL","MARTINEZ PALOU,RAFAEL",100.0
"QUEJ AKE,LUIS MANUEL","QUEJ AKE,LUIS MANUEL",100.0
"SANCHEZ GARCIA,VERONICA","SANCHEZ GARCIA,VERONICA",100.0
"BENITEZ AGUILAR,JOSE LUIS RODOLFO","BENITEZ AGUILAR,JOSE LUIS RODOLFO",100.0
"CASTILLO CERVANTES,SALVADOR","CASTILLO CERVANTES,SALVADOR",100.0
"HERNANDEZ GONZALEZ,GUILLERMO","HERNANDEZ GONZALEZ,GUILLERMO",100.0
"MEJIA CENTENO,ISIDRO","MEJIA CENTENO,ISIDRO",100.0
"VARGAS ESCUDERO,ALFREDO","VARGAS ESCUDERO,ALFREDO",100.0
"MORAN PINEDA,FLORENCIA MARINA","MORAN PINEDA,FLORENCIA MARINA",100.0
"CAMPOSECO SOLIS,ROBERTO","CAMPOSECO SOLIS,ROBERTO",100.0
"NAVARRETE BOLANOS,JUAN","NAVARRETE BOLANOS,JUAN",100.0
"GOMEZ RAMIREZ,MARLENNE","GOMEZ RAMIREZ,MARLENNE",100.0
"GARCIA DE LEON,ROBERTO","GARCIA DE LEON,ROBERTO",100.0
"ROJAS AVELIZAPA,NORMA GABRIELA","ROJAS AVELIZAPA,NORMA GABRIELA",100.0
"HERNANDEZ GAMA,REGINA","HERNANDEZ GAMA,REGINA",100.0
"SANCHEZ GARCIA,SERGIO","SANCHEZ GARCIA,SERGIO",100.0
"VILLANUEVA PONCE,RODRIGO","VILLANUEVA PONCE,RODRIGO",100.0
"MEJIA PEREZ,GUSTAVO","MEJIA PEREZ,GUSTAVO",100.0
"ANCHEYTA JUAREZ,JORGE","ANCHEYTA JUAREZ,JORGE",100.0
"RAMIREZ SOLIS,JORGE FERNANDO","RAMIREZ SOLIS,JORGE FERNANDO",100.0
"RAYO MAYORAL,PATRICIA","RAYO MAYORAL,PATRICIA",100.0
"CENTENO NOLASCO,GUILLERMO","CENTENO NOLASCO,GUILLERMO",100.0
"MARROQUIN SANCHEZ,GUSTAVO JESUS","MARROQUIN SANCHEZ,GUSTAVO JESUS",100.0
"BELTRAN CONDE,HIRAM ISAAC","BELTRAN CONDE,HIRAM ISAAC",100.0
"ZAMUDIO RIVERA,LUIS SILVESTRE","ZAMUDIO RIVERA,LUIS SILVESTRE",100.0
"DOMINGUEZ AGUILAR,MARCO ANTONIO","DOMINGUEZ AGUILAR,MARCO ANTONIO",100.0
"MENA CERVANTES,VIOLETA YASMIN","MENA CERVANTES,VIOLETA YASMIN",100.0
"HERNANDEZ ALTAMIRANO,RAUL","HERNANDEZ ALTAMIRANO,RAUL",100.0
"VAZQUEZ MORENO,FLAVIO SALVADOR","VAZQUEZ MORENO,FLAVIO SALVADOR",100.0
"ALVAREZ RAMIREZ,FERNANDO","ALVAREZ RAMIREZ,FERNANDO",100.0
"HERNANDEZ CORTEZ,JOSE GONZALO","HERNANDEZ CORTEZ,JOSE GONZALO",100.0
"CASTRO SOTELO,LAURA VERONICA","CASTRO SOTELO,LAURA VERONICA",100.0
"FLORES SANDOVAL,CESAR ANDRES","FLORES SANDOVAL,CESAR ANDRES",100.0
"FLORES OROPEZA,EUGENIO ALEJANDRO","FLORES OROPEZA,EUGENIO ALEJANDRO",100.0
"REYES MARTINEZ,REYNA","REYES MARTINEZ,REYNA",100.0
"MAYA FLORES,ETEL","MAYA FLORES,ETEL",100.0
"SANCHEZ VALENTE,JAIME","SANCHEZ VALENTE,JAIME",100.0
"QUINTANA SOLORZANO,ROBERTO","QUINTANA SOLORZANO,ROBERTO",100.0
"DEL ANGEL VICENTE,PAZ","DEL ANGEL VICENTE,PAZ",100.0
"ARMENDARIZ HERRERA,HECTOR","ARMENDARIZ HERRERA,HECTOR",100.0
"GUZMAN CASTILLO,MARIA DE LOURDES ALEJANDRA","GUZMAN CASTILLO,MARIA DE LOURDES ALEJANDRA",100.0
"SANCHEZ,JOHN EDER","SANCHEZ,JOHN EDER",100.0
"PONCE PEDRAZA,ARTURO","PONCE PEDRAZA,ARTURO",100.0
"JOSE YACAMAN,MIGUEL","JOSE Y YACAMAN,MIGUEL",100.0
"HERNANDEZ SUAREZ,ROGELIO","HERNANDEZ SUAREZ,ROGELIO",100.0
"JIMENEZ CRUZ,FEDERICO JESUS","JIMENEZ CRUZ,FEDERICO JESUS",100.0
"MARIN ROSAS,CELIA","MARIN ROSAS,CELIA",100.0
"CASTANEDA LOPEZ,LUIS CARLOS","CASTANEDA LOPEZ,LUIS CARLOS",100.0
"MURRIETA GUEVARA,FLORENTINO RAFAEL","MURRIETA GUEVARA,FLORENTINO RAFAEL",100.0
"LOPEZ LIMA,JOSE DANIEL","LOPEZ LIMA,JOSE DANIEL",100.0
"CARRION VILLARNOVO,GLORIA LUZ LAURA","CARRION VILLARNOVO,GLORIA LUZ LAURA",100.0
"ALEMAN VAZQUEZ,LAURA OLIVIA","ALEMAN VAZQUEZ,LAURA OLIVIA",100.0
"ZENTENO RAMIREZ,ANTONIO","ZENTENO RAMIREZ,ANTONIO",100.0
"LEDESMA OROZCO,ELIAS RIGOBERTO","LEDESMA OROZCO,ELIAS RIGOBERTO",100.0
"ALCANTAR CAMARENA,VICTOR ALFONSO","ALCANTAR CAMARENA,VICTOR ALFONSO",100.0
"VALLEJO GALLAND,BELINDA","VALLEJO GALLAND,BELINDA",100.0
"RODRIGUEZ FIGUEROA,JOSE CARLOS","RODRIGUEZ FIGUEROA,JOSE CARLOS",100.0
"GONZALEZ CORDOVA,AARON FERNANDO","GONZALEZ CORDOVA,AARON FERNANDO",100.0
"AQUINO OLIVOS,MARCO ANTONIO","AQUINO OLIVOS,MARCO ANTONIO",100.0
"CAMACHO PEREZ,JOSE RODRIGO","CAMACHO PEREZ,JOSE RODRIGO",100.0
"LOPEZ MEYER,PAULO","LOPEZ MEYER,PAULO",100.0
"GARCIA MARTINEZ,MOISES","GARCIA MARTINEZ,MOISES",100.0
"CAMPOS CANTON,ERIC","CAMPOS CANTON,ERIC",100.0
"CISNEROS DEVORA,RODOLFO","CISNEROS DEVORA,RODOLFO",100.0
"PONS JIMENEZ,MIRNA","PONS JIMENEZ,MIRNA",100.0
"LUNA ROJERO,ERICK EMANUEL","LUNA ROJERO,ERICK EMANUEL",100.0
"MORALES ROJAS,HUGO","MORALES ROJAS,HUGO",100.0
"DOMINGUEZ CHAVEZ,JORGE GUILLERMO","DOMINGUEZ CHAVEZ,JORGE GUILLERMO",100.0
"MONDRAGON VASQUEZ,KARINA","MONDRAGON VASQUEZ,KARINA",100.0
"HERRERA RUIZ,DEA","HERRERA RUIZ,DEA",100.0
"CEVADA MAYA,ENRIQUE","CEVADA MAYA,ENRIQUE",100.0
"HERNANDEZ CARBAJAL,EDGAR IVAN","HERNANDEZ CARBAJAL,EDGAR IVAN",100.0
"GONZALEZ ROMERO,ADRIAN","GONZALEZ ROMO,ADRIAN",95.23809523809524
"BEAS BUJANOS,JOAQUIN","BEAS BUJANOS,JOAQUIN",100.0
"VERA MONTENEGRO,REMEDIOS YOLANDA","VERA MONTENEGRO,REMEDIOS YOLANDA",100.0
"HERNANDEZ CAMPOS,MARIA ALICIA","HERNANDEZ CAMPOS,MARIA ALICIA",100.0
"CASTILLO BOCANEGRA,RAFAEL","CASTILLO BOCANEGRA,RAFAEL",100.0
"FLORES RAMOS,MIGUEL ANGEL","FLORES RAMOS,MIGUEL ANGEL",100.0
"IBARRA VELARDE,OSVALDO FROYLAN","IBARRA VELARDE,OSVALDO FROYLAN",100.0
"SALDIVAR GUERRA,ENRIQUE","SALDIVAR GUERRA,ENRIQUE",100.0
"INFANTE MARTINEZ,JOSE RAMIRO","INFANTE MARTINEZ,JOSE RAMIRO",100.0
"AGUILAR PLIEGO,JULIA","AGUILAR PLIEGO,JULIA",100.0
"GUTIERREZ ARZALUZ,MIRELLA","GUTIERREZ ARZALUZ,MIRELLA",100.0
"SEGURA PACHECO,BLANCA ANGELICA","SEGURA PACHECO,BLANCA ANGELICA",100.0
"CABRERA AQUINO,JOSE GUSTAVO","CABRERA AQUINO,JOSE GUSTAVO",100.0
"RONICKE,STEPHAN","RONICKE,STEPHAN",100.0
"HODGKINS,ROBERT PETER","HODGKINS,ROBERT PETER",100.0
"RIVERA SOLORIO,CARLOS IVAN","RIVERA SOLORIO,CARLOS IVAN",100.0
"CARRILLO FUENTEVILLA,ROBERTO","CARRILLO FUENTEVILLA,ROBERTO",100.0
"RIOS JARA,DAVID","RIOS JARA,DAVID",100.0
"ALEXANDROVA,LARISSA","ALEXANDROVA,LARISSA",100.0
"ASTUDILLO DE LA VEGA,HORACIO","ASTUDILLO DE LA VEGA,HORACIO",100.0
"OLGUIN LORA,PATRICIA","OLGUIN LORA,PATRICIA",100.0
"CASTORENA CORTES,GLADYS TERESA","CASTORENA CORTES,GLADYS TERESA",100.0
"ROLDAN CARRILLO,TERESA GUADALUPE","ROLDAN CARRILLO,TERESA GUADALUPE",100.0
"GOMEZ GUTIERREZ,DAVID","GOMEZ GUTIERREZ,DAVID",100.0
"CEDENO VIVEROS,LUIS DANIEL","CEDENO VIVEROS,LUIS DANIEL",100.0
"LEON ROVIRA,NOEL","LEON ROVIRA,NOEL",100.0
"CARBAJAL DE NOVA,CAROLINA","CARBAJAL DE NOVA,CAROLINA",100.0
"HERNANDEZ BELTRAN,FRANCISCO JAVIER","HERNANDEZ BELTRAN,FRANCISCO JAVIER",100.0
"PEREZ ROMO,PATRICIA","PEREZ ROMO,PATRICIA",100.0
"ZAPATA PENASCO,NORMA ICOQUIH","ZAPATA PENASCO,NORMA ICOQUIH",100.0
"GARIBAY FEBLES,VICENTE","GARIBAY FEBLES,VICENTE",100.0
"PACHECO Y ALCALA,UBALDO SADOTT","PACHECO Y ALCALA,UBALDO SADOTT",100.0
"CASTANO MENESES,VICTOR MANUEL","CASTANO MENESES,VICTOR MANUEL",100.0
"LIKHANOVA,NATALYA VICTOROVNA","LIKHANOVA,NATALYA VICTOROVNA",100.0
"MOCTEZUMA BERTHIER,ANDRES EDUARDO","MOCTEZUMA BERTHIER,ANDRES EDUARDO",100.0
"OLIVARES XOMETL,CRESCENCIO OCTAVIO","OLIVARES XOMETL,CRESCENCIO OCTAVIO",100.0
"VELAZQUEZ LOPEZ,MIGUEL ANGEL","VELAZQUEZ FLORES,MIGUEL ANGEL",91.2280701754386
"RODRIGUEZ SALINAS,JUAN JOSE","RODRIGUEZ SALINAS,JUAN JOSE",100.0
"ORTEGA GARCIA,FELIPE DE JESUS","ORTEGA GARCIA,FELIPE DE JESUS",100.0
"SCHACHT HERNANDEZ,PERSI","SCHACHT HERNANDEZ,PERSI",100.0
"MAR JUAREZ,ELIZABETH","MAR JUAREZ,ELIZABETH",100.0
"VELEZ ARGUMEDO,CATALINA MARIA","VELEZ ARGUMEDO,CATALINA MARIA",100.0
"ARMENDARIZ BORUNDA,JUAN SOCORRO","ARMENDARIZ BORUNDA,JUAN SOCORRO",100.0
"RUELAS LEPE,RUBEN","RUELAS LEPE,RUBEN",100.0
"GEVORGYAN,GOHAR","GEVORGYAN,GOHAR",100.0
"MANUCHARYAN,KAREN","MANUCHARYAN,KAREN",100.0
"CERON CAMACHO,RICARDO","CERON CAMACHO,RICARDO",100.0
"RAMIREZ DE SANTIAGO,MARIO","RAMIREZ DE SANTIAGO,MARIO",100.0
"VALLEJO CARDONA,ALBA ADRIANA","VALLEJO CARDONA,ALBA ADRIANA",100.0
"ALMEIDA LOYA,SERGIO FABIAN","ALMEIDA LOYA,SERGIO FABIAN",100.0
"CRUZ MORALES,PABLO","CRUZ MORALES,PABLO",100.0
"BARONA GOMEZ,FRANCISCO","BARONA GOMEZ,FRANCISCO",100.0
"NAVA LARA,MARIA DEL ROCIO","NAVA LARA,MARIA DEL ROCIO",100.0
"RAMIREZ PEREZ,JORGE FRANCISCO","RAMIREZ PEREZ,JORGE FRANCISCO",100.0
"MARTINEZ MAGADAN,JOSE MANUEL","MARTINEZ MAGADAN,JOSE MANUEL",100.0
"LOPEZ RAMIREZ,SIMON","LOPEZ RAMIREZ,SIMON",100.0
"DURAN VALENCIA,CECILIA DE LOS ANGELES","DURAN VALENCIA,CECILIA DE LOS ANGELES",100.0
"OVIEDO ROA,RAUL","OVIEDO ROA,RAUL",100.0
"ORTEGA RODRIGUEZ,ALEJANDRO","ORTEGA RODRIGUEZ,ALEJANDRO",100.0
"VAZQUEZ DUHALT,RAFAEL","VAZQUEZ DUHALT,RAFAEL",100.0
"MARTIN DEL CAMPO LOPEZ,FABIOLA","MARTIN DEL CAMPO LOPEZ,FABIOLA",100.0
"GARCIA GARCIA,GUILLERMO","GARCIA GARCIA,GUILLERMO",100.0
"SANCHEZ SCHMITZ,GUZMAN GERARDO ALFONSO","SANCHEZ SCHMITZ,GUZMAN GERARDO ALFONSO",100.0
"CHAUVIN,ANNE LAURE PATRICIA","CHAUVIN,ANNE LAURE PATRICIA",100.0
"ORDUNA REYES,ERNESTO","ORDUNA REYES,ERNESTO",100.0
"BENAVIDES LOZANO,JORGE ALEJANDRO","BENAVIDES LOZANO,JORGE ALEJANDRO",100.0
"RODRIGUEZ SANCHEZ,DARIANA GRACIELA","RODRIGUEZ SANCHEZ,DARIANA GRACIELA",100.0
"GUTIERREZ URIBE,JANET ALEJANDRA","GUTIERREZ URIBE,JANET ALEJANDRA",100.0
"HERNANDEZ BRENES,CARMEN","HERNANDEZ BRENES,CARMEN",100.0
"MIKI YOSHIDA,MARIO","MIKI YOSHIDA,MARIO",100.0
"NAGAMEDIANOVA,ZOULFIA","NAGAMEDIANOVA,ZOULFIA",100.0
"PIZA RUIZ,PEDRO","PIZA RUIZ,PEDRO",100.0
"AMEZAGA MADRID,PATRICIA","AMEZAGA MADRID,PATRICIA",100.0
"LOPEZ CERVANTES,JAIME","LOPEZ CERVANTES,JAIME",100.0
"GUTIERREZ MEDINA,BRAULIO","GUTIERREZ MEDINA,BRAULIO",100.0
"SANCHEZ MIRANDA,MANUEL DE JESUS","SANCHEZ MIRANDA,MANUEL DE JESUS",100.0
"CARTAS ROSADO,ANA ROCIO","CARTAS ROSADO,ANA ROCIO",100.0
"SOBERON CHAVEZ,MARIO","SOBERON CHAVEZ,MARIO",100.0
"BRAVO DE LA PARRA,MARIA ALEJANDRA","BRAVO DE LA PARRA,MARIA ALEJANDRA",100.0
"PARDO LOPEZ,LILIANA","PARDO LOPEZ,LILIANA",100.0
"GARCIA MARQUEZ,ERISTEO","GARCIA MARQUEZ,ERISTEO",100.0
"ESPINOSA ANDREWS,HUGO","ESPINOSA ANDREWS,HUGO",100.0
"GONZALEZ JIMENEZ,LUIS ENRIQUE","GONZALEZ JIMENEZ,LUIS ENRIQUE",100.0
"RUIZ CRUZ,RIEMANN","RUIZ CRUZ,RIEMANN",100.0
"RAMOS MURILLO,MANUEL ANTONIO","RAMOS MURILLO,MANUEL ANTONIO",100.0
"ENRIQUEZ CARREJO,JOSE LUIS","ENRIQUEZ CARREJO,JOSE LUIS",100.0
"AMBROSIO LAZARO,ROBERTO CARLOS","AMBROSIO LAZARO,ROBERTO CARLOS",100.0
"RODRIGUEZ GONZALEZ,CLAUDIA ALEJANDRA","RODRIGUEZ GONZALEZ,CLAUDIA ALEJANDRA",100.0
"MIRELES JR GARCIA,JOSE","MIRELES JR. GARCIA,JOSE",97.77777777777777
"DOMINGUEZ MALDONADO,JORGE ARTURO","DOMINGUEZ MALDONADO,JORGE ARTURO",100.0
"FLOTA BANUELOS,MANUEL ISRAEL","FLOTA BANUELOS,MANUEL ISRAEL",100.0
"ALZATE GAVIRIA,LILIANA MARIA","ALZATE GAVIRIA,LILIANA MARIA",100.0
"CONTRERAS MASSE,ROBERTO ANTONIO","CONTRERAS MASSE,ROBERTO ANTONIO",100.0
"FEMAT FLORES,ALEJANDRO RICARDO","FEMAT FLORES,ALEJANDRO RICARDO",100.0
"VAZQUEZ OVIEDO,ERICK ISRAEL","VAZQUEZ OVIEDO,ERICK ISRAEL",100.0
"VAZQUEZ NAVA,NIMROD","VAZQUEZ NAVA,NIMROD",100.0
"ZAVALA OLIVARES,GERARDO","ZAVALA OLIVARES,GERARDO",100.0
"TORRES MANCERA,LEON PABLO","TORRES MANCERA,LEON PABLO",100.0
"ORTEGA BORGES,RAUL MARTIN","ORTEGA BORGES,RAUL MARTIN",100.0
"MEAS VONG,YUNNY","MEAS VONG,YUNNY",100.0
"TREJO CORDOVA,GABRIEL","TREJO CORDOVA,GABRIEL",100.0
"MARINO MARMOLEJO,ERIKA NAHOMY","MARINO MARMOLEJO,ERIKA NAHOMY",100.0
"DAVILA VAZQUEZ,GUSTAVO","DAVILA VAZQUEZ,GUSTAVO",100.0
"CONTRERAS RAMOS,SILVIA MARIBEL","CONTRERAS RAMOS,SILVIA MARIBEL",100.0
"RAMIREZ ALVAREZ,FRANCISCO JAVIER","RAMIREZ AGUILAR,FRANCISCO JAVIER",90.625
"AVILA VILCHIS,JUAN CARLOS","AVILA VILCHIS,JUAN CARLOS",100.0
"VILCHIS GONZALEZ,ADRIANA HERLINDA","VILCHIS GONZALEZ,ADRIANA HERLINDA",100.0
"CASTRO ROSAS,JAVIER","CASTRO ROSAS,JAVIER",100.0
"GOMEZ ALDAPA,CARLOS ALBERTO","GOMEZ ALDAPA,CARLOS ALBERTO",100.0
"GOJON ZORRILLA,GABRIEL","GOJON ZORRILLA,GABRIEL",100.0
"HERRERA ESTRELLA,LUIS RAFAEL","HERRERA ESTRELLA,LUIS RAFAEL",100.0
"AMEZCUA ALLIERI,MYRIAM ADELA","AMEZCUA ALLIERI,MYRIAM ADELA",100.0
"RAMIREZ VERDUZCO,LUIS FELIPE","RAMIREZ VERDUZCO,LUIS FELIPE",100.0
"PEREZ GALLARDO,ALFONSO","PEREZ GALLARDO,ALFONSO",100.0
"LEAL CHAVEZ,DANIEL ARTURO","LEAL CHAVEZ,DANIEL ARTURO",100.0
"BELTRAN CHACON,RICARDO","BELTRAN CHACON,RICARDO",100.0
"CORONA GALVAN,SERGIO","CORONA GALVAN,SERGIO",100.0
"RODRIGUEZ GUADARRAMA,LUIS ANTONIO","RODRIGUEZ GUADARRAMA,LUIS ANTONIO",100.0
"ESCUDERO URIBE,APOLO ZEUS","ESCUDERO URIBE,APOLO ZEUS",100.0
"SANTOS CUEVAS,CLARA LETICIA","SANTOS CUEVAS,CLARA LETICIA",100.0
"OCAMPO GARCIA,BLANCA ELI","OCAMPO GARCIA,BLANCA ELI",100.0
"AZORIN VEGA,ERIKA PATRICIA","AZORIN VEGA,ERIKA PATRICIA",100.0
"LUNA GUTIERREZ,MYRNA ALEJANDRA","LUNA GUTIERREZ,MYRNA ALEJANDRA",100.0
"JIMENEZ MANCILLA,NALLELY PATRICIA","JIMENEZ MANCILLA,NALLELY PATRICIA",100.0
"FERRO FLORES,GUILLERMINA","FERRO FLORES,GUILLERMINA",100.0
"DE LA ROSA SANTAMARIA,ROBERTO","DE LA ROSA SANTAMARIA,ROBERTO",100.0
"MENDOZA,CARLOS","MENDOZA,CARLOS",100.0
"RODRIGUEZ LOPEZ,CARLOS EDUARDO","RODRIGUEZ LOPEZ,CARLOS EDUARDO",100.0
"DIAZ DE LA GARZA,ROCIO ISABEL","DIAZ DE LA GARZA,ROCIO ISABEL",100.0
"AVALOS GARCIA,JAVIER","AVALOS GARCIA,JAVIER",100.0
"PENA DUQUE,MARCO ANTONIO","PENA DUQUE,MARCO ANTONIO",100.0
"VILLAGOMEZ IBARRA,JOSE ROBERTO","VILLAGOMEZ IBARRA,JOSE ROBERTO",100.0
"SEGOVIA QUINTERO,MANUEL ALBERTO","SEGOVIA QUINTERO,MANUEL ALBERTO",100.0
"MORENO LOPEZ,ALEJANDRO","MORENO GOMEZ,ALEJANDRO",90.9090909090909
"ESCOBAR HERNANDEZ,DANIEL","ESCOBAR HERNANDEZ,DANIEL",100.0
"CARBAJAL ARIZAGA,GREGORIO GUADALUPE","CARBAJAL ARIZAGA,GREGORIO GUADALUPE",100.0
"DE LANGE,DIRK FREDERIK","DE LANGE,DIRK FREDERIK",100.0
"YANEZ SOTO,BERNARDO","YANEZ SOTO,BERNARDO",100.0
"PEREZ TORRES,ARMANDO","PEREZ TORRES,ARMANDO",100.0
"SCIUTTO CONDE,EDDA LYDIA","SCIUTTO CONDE,EDDA LYDIA",100.0
"FRAGOSO GONZALEZ,GLADIS DEL CARMEN","FRAGOSO GONZALEZ,GLADIS DEL CARMEN",100.0
"CERVANTES TORRES,JACQUELYNNE BRENDA","CERVANTES TORRES,JACQUELYNNE BRENDA",100.0
"SEGURA VELAZQUEZ,RENE ALVARO","SEGURA VELAZQUEZ,RENE ALVARO",100.0
"KONTOROVICH MAZOVER,VALERI","KONTOROVICH MAZOVER,VALERI",100.0
"PENA CAMPOS,FERNANDO","PENA CAMPOS,FERNANDO",100.0
"GONZALEZ MONTIEL,ALFONSO","GONZALEZ MONTIEL,ALFONSO",100.0
"FLORES SANTOS,LETICIA","FLORES SANTOS,LETICIA",100.0
"PINEDA HERRERA,MARIBEL","PINEDA HERRERA,MARIBEL",100.0
"TREJO RODRIGUEZ,ARTURO","TREJO RODRIGUEZ,ARTURO",100.0
"ANGELES CHAVEZ,CARLOS","ANGELES CHAVEZ,CARLOS",100.0
"LOPEZ SALINAS,ESTEBAN","LOPEZ SALINAS,ESTEBAN",100.0
"TORRES GARCIA,ENELIO","TORRES GARCIA,ENELIO",100.0
"ESCOBAR AGUILAR,JOSE","ESCOBAR AGUILAR,JOSE",100.0
"GUTIERREZ ALEJANDRE,AIDA","GUTIERREZ ALEJANDRE,AIDA",100.0
"FERRAT TORRES,GERARDO","FERRAT TORRES,GERARDO",100.0
"CORTES JACOME,MARIA ANTONIA","CORTES JACOME,MARIA ANTONIA",100.0
"PEREZ LUNA,MIGUEL","PEREZ LUNA,MIGUEL",100.0
"TOLEDO ANTONIO,JOSE ANTONIO","TOLEDO ANTONIO,JOSE ANTONIO",100.0
"MENESES RUIZ,EDITH","MENESES RUIZ,EDITH",100.0
"PANIAGUA CHAVEZ,CARMEN GUADALUPE","PANIAGUA CHAVEZ,CARMEN GUADALUPE",100.0
"VELA GARCIA,LUIS RENE","VELA GARCIA,LUIS RENE",100.0
"VASILIEVNA KHARISSOVA,OXANA","VASILIEVNA KHARISSOVA,OXANA",100.0
"PENA PARAS,LAURA","PENA PARAS,LAURA",100.0
"MALDONADO CORTES,DEMOFILO","MALDONADO CORTES,DEMOFILO",100.0
"RAMIREZ SABAG,JETZABETH","RAMIREZ SABAG,JETZABETH",100.0
"PANIAGUA SOLIS,JORGE FERNANDO","PANIAGUA SOLIS,JORGE FERNANDO",100.0
"LICEA NAVARRO,ALEXEI FEDOROVISH","LICEA NAVARRO,ALEXEI FEDOROVISH",100.0
"SANCHEZ CAMPOS,LILIANA NOEMI","SANCHEZ CAMPOS,LILIANA NOEMI",100.0
"SANTILLAN GODINEZ,ORLANDO","SANTILLAN GODINEZ,ORLANDO",100.0
"CABANILLAS LOPEZ,RAFAEL ENRIQUE","CABANILLAS LOPEZ,RAFAEL ENRIQUE",100.0
"MEDINA MENDOZA,ANA KARINA","MEDINA MENDOZA,ANA KARINA",100.0
"GONZALEZ VILLARREAL,JOSE ALEJANDRO","GONZALEZ VILLARREAL,JOSE ALEJANDRO",100.0
"TALAMANTES SILVA,JOSE","TALAMANTES SILVA,JOSE",100.0
"VITE VALLEJO,ODON","VITE VALLEJO,ODON",100.0
"RODRIGUEZ ZAPATA,LUIS CARLOS","RODRIGUEZ ZAPATA,LUIS CARLOS",100.0
"CASTANO DE LA SERNA,ENRIQUE","CASTANO DE LA SERNA,ENRIQUE",100.0
"PEREIRA SANTANA,ALEJANDRO","PEREIRA SANTANA,ALEJANDRO",100.0
"FIGUEROA YANEZ,LUIS JOEL","FIGUEROA YANEZ,LUIS JOEL",100.0
"RUIZ RUIZ,FEDERICO AUGUSTO","RUIZ RUIZ,FEDERICO AUGUSTO",100.0
"RITO PALOMARES,MARCO ANTONIO","RITO PALOMARES,MARCO ANTONIO",100.0
"VAZQUEZ VILLEGAS,OLGA PATRICIA","VAZQUEZ VILLEGAS,OLGA PATRICIA",100.0
"GUTIERREZ,LUIS","GUTIERREZ,LUIS",100.0
"ACOSTA GONZALEZ,GUILLERMO ENRIQUE","ACOSTA GONZALEZ,GUILLERMO ENRIQUE",100.0
"PEZZOTTI ROBLETO,FABIO","PEZZOTTI ROBLETO,FABIO",100.0
"BARROSO VILLA,JUAN GERARDO","BARROSO VILLA,JUAN GERARDO",100.0
"TERVEN SALINAS,JUAN RAMON","TERVEN SALINAS,JUAN RAMON",100.0
"OLIVARES LECONA,JOSE ALBERTO","OLIVARES LECONA,JOSE ALBERTO",100.0
"TORRES MARAVILLA,EDGAR","TORRES MARAVILLA,EDGAR",100.0
"SANCHEZ PARDO,MARIA ELENA","SANCHEZ PARDO,MARIA ELENA",100.0
"LUNA AGUILAR,ESTEBAN ANTOLIN","LUNA AGUILAR,ESTEBAN ANTOLIN",100.0
"SALAS CASALES,LUIS","SALAS CASALES,LUIS",100.0
"RUIZ SCHNEIDER,ELFEGO GUILLERMO","RUIZ SCHNEIDER,ELFEGO GUILLERMO",100.0
"GUZMAN PANTOJA,JAVIER","GUZMAN PANTOJA,JAVIER",100.0
"MUNOZ ARROYO,JOSE ANTONIO","MUNOZ ARROYO,JOSE ANTONIO",100.0
"GARCIA CRUZ,ISIDORO","GARCIA CRUZ,ISIDORO",100.0
"VAZQUEZ CASTILLO,JAVIER","VAZQUEZ CASTILLO,JAVIER",100.0
"CENDEJAS ZARAGOZA,LEOPOLDO","CENDEJAS ZARAGOZA,LEOPOLDO",100.0
"GONGORA CASTILLO,ELSA BEATRIZ","GONGORA CASTILLO,ELSA BEATRIZ",100.0
"MARTINEZ CHAPA,SERGIO OMAR","MARTINEZ CHAPA,SERGIO OMAR",100.0
"CHAUHAN,GAURAV","CHAUHAN,GAURAV",100.0
"GARCIA GONZALEZ,ALEJANDRO","GARCIA GONZALEZ,ALEJANDRO",100.0
"FUENTES AGUILAR,RITA QUETZIQUEL","FUENTES AGUILAR,RITA QUETZIQUEL",100.0
"ESPINOZA GONZALEZ,CARLOS JOSE","ESPINOZA GONZALEZ,CARLOS JOSE",100.0
"IBARRA LACLETTE,ENRIQUE","IBARRA LACLETTE,ENRIQUE",100.0
"ROMERO GARCIA,JORGE","ROMERO GARCIA,JORGE",100.0
"PARIONA MENDOZA,NICOLAZA","PARIONA MENDOZA,NICOLAZA",100.0
"PEREZ TORRES,CLAUDIA ANAHI","PEREZ TORRES,CLAUDIA ANAHI",100.0
"GONZALEZ HERRERA,IRMA GABRIELA","GONZALEZ HERRERA,IRMA GABRIELA",100.0
"MONDRAGON GONZALEZ,RICARDO","MONDRAGON GONZALEZ,RICARDO",100.0
"XICOHTENCATL CORTES,JUAN","XICOHTENCATL CORTES,JUAN",100.0
"LUNA PINEDA,VICTOR MANUEL","LUNA PINEDA,VICTOR MANUEL",100.0
"SOTO EGUIBAR,ENRIQUE","SOTO EGUIBAR,ENRIQUE",100.0
"ALEKSANDROV,VLADIMIR","ALEKSANDROV,VLADIMIR",100.0
"RODRIGUEZ FERNANDEZ,OLIVERIO SANTIAGO","RODRIGUEZ FERNANDEZ,OLIVERIO SANTIAGO",100.0
"FERNANDEZ TAVIZON,SALVADOR","FERNANDEZ TAVIZON,SALVADOR",100.0
"PORTALES MARTINEZ,BENJAMIN","PORTALES MARTINEZ,BENJAMIN",100.0
"FERNANDEZ FUENTES,ANTONIO","FERNANDEZ FUENTES,ANTONIO",100.0
"VARGAS GUTIERREZ,GREGORIO","VARGAS GUTIERREZ,GREGORIO",100.0
"RODRIGUEZ BRAVO,CESAR AUGUSTO","RODRIGUEZ CANO,CESAR AUGUSTO",91.2280701754386
"HERNANDEZ MAYA,ROBERTO CARLOS","HERNANDEZ MAYA,ROBERTO CARLOS",100.0
"AGUILAR TOALA,JOSE ELEAZAR","AGUILAR TOALA,JOSE ELEAZAR",100.0
"CABRERA LLANOS,ROBERTO MARCOS","CABRERA LLANOS,ROBERTO MARCOS",100.0
"VIRAMONTES BROWN,RICARDO","VIRAMONTES BROWN,RICARDO",100.0
"CARRILLO PEDROZA,FRANCISCO RAUL","CARRILLO PEDROZA,FRANCISCO RAUL",100.0
"URIBE SALAS,ALEJANDRO","URIBE SALAS,ALEJANDRO",100.0
"CAMPORREDONDO SAUCEDO,JESUS EMILIO","CAMPORREDONDO SAUCEDO,JESUS EMILIO",100.0
"CASTILLEJOS ESCOBAR,ALFONSO HUMBERTO","CASTILLEJOS ESCOBAR,ALFONSO HUMBERTO",100.0
"ELIZALDE SILLER,HUGO RAMON","ELIZALDE SILLER,HUGO RAMON",100.0
"PEREZ GONZALEZ,RAUL","PEREZ GONZALEZ,RAUL",100.0
"VALTIERRA GALLARDO,SALVADOR","VALTIERRA GALLARDO,SALVADOR",100.0
"LOPEZ CUEVAS,JORGE","LOPEZ CUEVAS,JORGE",100.0
"BOUDA,JAN","BOUDA,JAN",100.0
"MIRANDA GUERRERO,ROBERTO","MIRANDA GUERRERO,ROBERTO",100.0
"SANCHEZ SINENCIO,FELICIANO","SANCHEZ SINENCIO,FELICIANO",100.0
"MARTINEZ BUSTOS,FERNANDO","MARTINEZ BUSTOS,FERNANDO",100.0
"ZAMUDIO ZUNIGA,FERNANDO","ZAMUDIO ZUNIGA,FERNANDO",100.0
"BECERRIL LUJAN,BALTAZAR","BECERRIL LUJAN,BALTAZAR",100.0
"POSSANI POSTAY,LOURIVAL DOMINGOS","POSSANI POSTAY,LOURIVAL DOMINGOS",100.0
"LOPEZ GOMEZ,RONALD VICTOR MANUEL","LOPEZ GOMEZ,RONALD VICTOR MANUEL",100.0
"GARCIA CANTU,RIGOBERTO","GARCIA CANTU,RIGOBERTO",100.0
"GUERRERO SANTOS,RAMIRO","GUERRERO SANTOS,RAMIRO",100.0
"LARA OCHOA,JOSE MANUEL FRANCISCO","LARA OCHOA,JOSE MANUEL FRANCISCO",100.0
"KURI HARCUCH,WALID","KURI HARCUCH,WALID",100.0
"DIAZ FLEISCHER,FRANCISCO","DIAZ FLEISCHER,FRANCISCO",100.0
"OGURA,TETSUYA","OGURA,TETSUYA",100.0
"LOPEZ SERRANO RAMOS,FRANCISCO","LOPEZ RAMOS,FRANCISCO",100.0
"MARTINEZ ROMERO,OSCAR","MARTINEZ ROMERO,OSCAR",100.0
"MIRIDONOV,SERGUEI","MIRIDONOV,SERGUEI",100.0
"AGUILAR FAISAL,JOSE LEOPOLDO","AGUILAR FAISAL,JOSE LEOPOLDO",100.0
"BAEZA RAMIREZ,MARIA ISABEL","BAEZA RAMIREZ,MARIA ISABEL",100.0
"MASCORRO GALLARDO,JOSE OSCAR","MASCORRO GALLARDO,JOSE OSCAR",100.0
"ITURRIAGA DE LA FUENTE,GABRIEL","ITURRIAGA DE LA FUENTE,GABRIEL",100.0
"SOTELO LERMA,MERIDA","SOTELO LERMA,MERIDA",100.0
"GONZALEZ HERNANDEZ,GLORIA ANGELICA","GONZALEZ HERNANDEZ,GLORIA ANGELICA",100.0
"TERRES ROJAS,EDUARDO","TERRES ROJAS,EDUARDO",100.0
"MARQUEZ LUCERO,ALFREDO","MARQUEZ LUCERO,ALFREDO",100.0
"ALVAREZ,MARIO MOISES","ALVAREZ,MARIO MOISES",100.0
"CAMACHO LOPEZ,MIGUEL ANGEL","CAMACHO LOPEZ,MIGUEL ANGEL",100.0
"KEER RENDON,ARTURO","KEER RENDON,ARTURO",100.0
"GARCIA CASILLAS,PERLA ELVIA","GARCIA CASILLAS,PERLA ELVIA",100.0
"GARCIA LUNA,ARMANDO","GARCIA LUNA,ARMANDO",100.0
"RIVERON ROJAS,ANA MARIA","RIVERON ROJAS,ANA MARIA",100.0
"PEREZ PEREZ,GABRIEL","PEREZ PEREZ,GABRIEL",100.0
"LOPEZ CANOVA,LILIA","LOPEZ CANOVAS,LILIA",97.29729729729729
"CORVERA POIRE,EUGENIA","CORVERA POIRE,EUGENIA",100.0
"LOPEZ DE HARO,MARIANO","LOPEZ DE HARO,MARIANO",100.0
"SAUCEDO FLORES,EMMANUEL","SAUCEDO FLORES,EMMANUEL",100.0
"ELIZONDO RIOJAS,GUILLERMO","ELIZONDO RIOJAS,GUILLERMO",100.0
"GURROLA BRIONES,GEORGINA","GURROLA BRIONES,GEORGINA",100.0
"VALDEZ CRUZ,NORMA ADRIANA","VALDEZ CRUZ,NORMA ADRIANA",100.0
"CORONA VILLEGAS,MIGUEL","CORONA VILLEGAS,MIGUEL",100.0
"QUIROZ MERCADO,HUGO","QUIROZ MERCADO,HUGO",100.0
"RIANO UMBARILA,LIDIA","RIANO UMBARILA,LIDIA",100.0
"ADAMS,RANDY HOWARD","ADAMS,RANDY HOWARD",100.0
"LOZADA Y CASSOU,MARCELO","LOZADA Y CASSOU,MARCELO",100.0
"RUIZ MORALES,YOSADARA","RUIZ MORALES,YOSADARA",100.0
"MORA VALLEJO,RODOLFO JUVENTINO","MORA VALLEJO,RODOLFO JUVENTINO",100.0
"ROJAS GARCIA,JOSE MANUEL","ROJAS GARCIA,JOSE MANUEL",100.0
"GONZALEZ HERNANDEZ,CARLOS","GONZALEZ HERNANDEZ,CARLOS",100.0
"MALDONADO RODRIGUEZ,ROGELIO","MALDONADO RODRIGUEZ,ROGELIO",100.0
"MENDEZ TENORIO,ALFONSO","MENDEZ TENORIO,ALFONSO",100.0
"PERAZA ECHEVERRIA,SANTY","PERAZA ECHEVERRIA,SANTY",100.0
"FLORES FLORES,RODOLFO","FLORES FLORES,RODOLFO",100.0
"DIAZ DE LEON GOMEZ,RAMON ENRIQUE","DIAZ DE LEON GOMEZ,RAMON ENRIQUE",100.0
"RAMOS ORTIZ,GABRIEL","RAMOS ORTIZ,GABRIEL",100.0
"LOPEZ LAGUNAS,ABELARDO","LOPEZ LAGUNAS,ABELARDO",100.0
"LOPEZ MACIAS,CONSTANTINO III ROBERTO","LOPEZ MACIAS,CONSTANTINO III ROBERTO",100.0
"LOPEZ VIDAL,YOLANDA","LOPEZ VIDAL,YOLANDA",100.0
"HERRERA ESTRELLA,ALFREDO HERIBERTO","HERRERA ESTRELLA,ALFREDO HERIBERTO",100.0
"ESTRADA GUEL,IVANOVICH","ESTRADA GUEL,IVANOVICH",100.0
"ESCOBAR VALDERRAMA,GERARDO","ESCOBAR VALDERRAMA,GERARDO",100.0
"TORRES OLGUIN,RAYMUNDO ENRIQUE","TORRES OLGUIN,RAYMUNDO ENRIQUE",100.0
"VALDEZ FERNANDEZ,ANDRES ALEJANDRO","VALDEZ FERNANDEZ,ANDRES ALEJANDRO",100.0
"LOPEZ CANOVAS,LILIA","LOPEZ CANOVAS,LILIA",100.0
"SANCHEZ CANTU,MANUEL","SANCHEZ CANTU,MANUEL",100.0
"MAS OLIVA,JAIME","MAS OLIVA,JAIME",100.0
"ALONSO GARCIA,ANA LUCIA","ALONSO GARCIA,ANA LUCIA",100.0
"MORALES REYES,ALICIA","MORALES REYES,ALICIA",100.0
"ZOLOTUKHIN,MIKHAIL","ZOLOTUKHIN,MIKHAIL",100.0
"CADENAS PLIEGO,GREGORIO","CADENAS PLIEGO,GREGORIO",100.0
"WONG RAMIREZ,CARLOS","WONG RAMIREZ,CARLOS",100.0
"CRUZ BARBA,LUIS EMILIO","CRUZ BARBA,LUIS EMILIO",100.0
"FLORES VALDEZ,MARIO ALBERTO","FLORES VALDEZ,MARIO ALBERTO",100.0
"ALONSO MARTINEZ,FERNANDO","ALONSO MARTINEZ,FERNANDO",100.0
"RANA,MOHAN SINGH","RANA,MOHAN SINGH",100.0
"PEREZ MORENO,VICTOR","PEREZ MORENO,VICTOR",100.0
"CHAPELA CASTANARES,VICTOR MANUEL","CHAPELA CASTANARES,VICTOR MANUEL",100.0
"PERCINO ZACARIAS,MARIA JUDITH","PERCINO ZACARIAS,MARIA JUDITH",100.0
"HERNANDEZ BELLO,ROMEL","HERNANDEZ BELLO,ROMEL",100.0
"MARTINEZ GOMEZ,ALVARO DE JESUS","MARTINEZ GOMEZ,ALVARO DE JESUS",100.0
"ALAGON CANO,ALEJANDRO","ALAGON CANO,ALEJANDRO",100.0
"RODRIGUEZ DOMINGUEZ,JOSE MANUEL","RODRIGUEZ DOMINGUEZ,JOSE MANUEL",100.0
"ORTEGA GARCIA,BEATRIZ","ORTEGA GARCIA,BEATRIZ",100.0
"ROMAN AGUIRRE,MANUEL","ROMAN AGUIRRE,MANUEL",100.0
"AGUILAR ELGUEZABAL,ALFREDO","AGUILAR ELGUEZABAL,ALFREDO",100.0
"BUENABAD CHAVEZ,JORGE","BUENABAD CHAVEZ,JORGE",100.0
"RAZO FLORES,ELIAS","RAZO FLORES,ELIAS",100.0
"RANGEL MENDEZ,JOSE RENE","RANGEL MENDEZ,JOSE RENE",100.0
"PLASCENCIA MORA,HECTOR","PLASCENCIA MORA,HECTOR",100.0
"AGUILERA GOMEZ,EDUARDO","AGUILERA GOMEZ,EDUARDO",100.0
"OJEDA CASTANEDA,JORGE","OJEDA CASTANEDA,JORGE",100.0
"TORRES CISNEROS,MIGUEL","TORRES CISNEROS,MIGUEL",100.0
"DUARTE VAZQUEZ,MIGUEL ANGEL","DUARTE VAZQUEZ,MIGUEL ANGEL",100.0
"DE LA CRUZ CORDERO,RICARDO ABRAHAM","DE LA CRUZ CORDERO,RICARDO ABRAHAM",100.0
"BOSQUES PADILLA,FRANCISCO JAVIER","BOSQUES PADILLA,FRANCISCO JAVIER",100.0
"CORTES RAMIREZ,JORGE ARMANDO","CORTES RAMIREZ,JORGE ARMANDO",100.0
"ALTAGRACIA MARTINEZ,MARINA","ALTAGRACIA MARTINEZ,MARINA",100.0
"RIOS CASTANEDA,LUIS CAMILO","RIOS CASTANEDA,LUIS CAMILO",100.0
"HERNANDEZ ROJO,MARCO ANTONIO","HERNANDEZ ROJO,MARCO ANTONIO",100.0
"ALDAYA GARDE,IVAN ARITZ","ALDAYA GARDE,IVAN ARITZ",100.0
"CASTANON AVILA,GERARDO ANTONIO","CASTANON AVILA,GERARDO ANTONIO",100.0
"SANCHEZ LOPEZ,ROSANA","SANCHEZ LOPEZ,ROSANA",100.0
"ALVAREZ CONTRERAS,LORENA","ALVAREZ CONTRERAS,LORENA",100.0
"TERRONES MALDONADO,MAURICIO","TERRONES MALDONADO,MAURICIO",100.0
"BOTELLO MENDEZ,ANDRES RAFAEL","BOTELLO MENDEZ,ANDRES RAFAEL",100.0
"ROSADO LORIA,JORGE LUIS","ROSADO LORIA,JORGE LUIS",100.0
"LOPEZ GOERNE,TESSY MARIA","LOPEZ GOERNE,TESSY MARIA",100.0
"LAREDO SANCHEZ,GEORGINA CECILIA","LAREDO SANCHEZ,GEORGINA CECILIA",100.0
"TOVAR LOPEZ,FRANCISCO JAVIER","TOVAR LOPEZ,FRANCISCO JAVIER",100.0
"GUERRA ZUBIAGA,DAVID APOLINAR","GUERRA ZUBIAGA,DAVID APOLINAR",100.0
"CONTRERAS DE LEON,JOSE EULALIO","CONTRERAS DE LEON,JOSE EULALIO",100.0
"NAVA DOMINGUEZ,PORFIRIO","NAVA DOMINGUEZ,PORFIRIO",100.0
"MARTINEZ MARTINEZ DE LA ESCALARA,LORENZO","MARTINEZ MARTINEZ DE LA ESCALERA,LORENZO",96.7741935483871
"CANTO IBANEZ,JORGE JOAQUIN","CANTO IBANEZ,JORGE JOAQUIN",100.0
"MARTINEZ GOMEZ,LORENZO","MARTINEZ GOMEZ,LORENZO",100.0
"FERREIRA BATISTA,CESAR VICENTE","FERREIRA BATISTA,CESAR VICENTE",100.0
"LUNA PIZARRO,DANIEL","LUNA PIZARRO,DANIEL",100.0
"PEREZ SANCHEZ,ALFONSO","PEREZ SANCHEZ,ALFONSO",100.0
"SALMON SALAZAR,MANUEL DE JESUS","SALMON SALAZAR,MANUEL DE JESUS",100.0
"MARTINEZ TELLEZ,MIGUEL ANGEL","MARTINEZ TELLEZ,MIGUEL ANGEL",100.0
"VARGAS ARISPURO,IRASEMA DEL CARMEN","VARGAS ARISPURO,IRASEMA DEL CARMEN",100.0
"SANCHEZ CASTREJON,EDNA","SANCHEZ CASTREJON,EDNA",100.0
"ORNELAS DAVILA,OMAR","ORNELAS DAVILA,OMAR",100.0
"ELIZALDE GONZALEZ,MARIA DE LA PAZ","ELIZALDE GONZALEZ,MARIA DE LA PAZ",100.0
"DAVILA JIMENEZ,MARTIN MARINO","DAVILA JIMENEZ,MARTIN MARINO",100.0
"SOTO PEREDO,CLAUDIA ANGELICA","SOTO PEREDO,CLAUDIA ANGELICA",100.0
"VILLA TREVINO,SAUL","VILLA Y TREVINO,SAUL",100.0
"CHAGOYA HAZAS,VICTORIA EUGENIA","CHAGOYA Y HAZAS,VICTORIA EUGENIA",100.0
"HERNANDEZ MUNOZ,ROLANDO EFRAIN","HERNANDEZ MUNOZ,ROLANDO EFRAIN",100.0
"LUNA GARCIA,JESUS","LUNA GARCIA,JESUS",100.0
"LOPEZ BUCIO,JOSE","LOPEZ BUCIO,JOSE",100.0
"MOLINA TORRES,JORGE","MOLINA TORRES,JORGE",100.0
"TERRONES MALDONADO,HUMBERTO","TERRONES MALDONADO,HUMBERTO",100.0
"MARTINEZ ALANIS,MAURICIO","MARTINEZ ALANIS,MAURICIO",100.0
"AGUILERA CORTES,LUZ ANTONIO","AGUILERA CORTES,LUZ ANTONIO",100.0
"ROJAS GEORGE,GABRIEL","ROJAS GEORGE,GABRIEL",100.0
"UTRILLA CARRERI,JOSE","UTRILLA CARRERI,JOSE",100.0
"GOSSET LAGARDA,GUILLERMO","GOSSET LAGARDA,GUILLERMO",100.0
"MARTINEZ JIMENEZ,ALFREDO","MARTINEZ JIMENEZ,ALFREDO",100.0
"HUERTA BERISTAIN,GERARDO","HUERTA BERISTAIN,GERARDO",100.0
"SALGADO CEBALLOS,HERMELINDA","SALGADO CEBALLOS,HERMELINDA",100.0
"CRUZ CRUZ,GUILLERMO JESUS","CRUZ CRUZ,GUILLERMO JESUS",100.0
"MORALES GUADARRAMA,JUAN CARLOS AXAYACATL","MORALES GUADARRAMA,JUAN CARLOS AXAYACATL",100.0
"MORALES CORONA,JUAN","MORALES CORONA,JUAN",100.0
"ALVAREZ MEJIA,ANA LAURA","ALVAREZ MEJIA,ANA LAURA",100.0
"OLAYO GONZALEZ,MARIA GUADALUPE","OLAYO GONZALEZ,MARIA GUADALUPE",100.0
"DIAZ RUIZ,MARIA DE LOS ANGELES ARACELI","DIAZ RUIZ,MARIA DE LOS ANGELES ARACELI",100.0
"OLAYO GONZALEZ,ROBERTO","OLAYO GONZALEZ,ROBERTO",100.0
"VELASCO TELLEZ,ABRAHAM","VELASCO TELLEZ,ABRAHAM",100.0
"PALAFOX RAMOS,JORGE","PALAFOX RAMOS,JORGE",100.0
"RODRIGUEZ LELIS,JOSE MARIA","RODRIGUEZ LELIS,JOSE MARIA",100.0
"CAMPOS CANTON,ISAAC","CAMPOS CANTON,ISAAC",100.0
"GUZMAN LUCERO,DIEGO JAVIER","GUZMAN LUCERO,DIEGO JAVIER",100.0
"PALOMEQUE SANTIAGO,JORGE FROYLAN","PALOMEQUE SANTIAGO,JORGE FROYLAN",100.0
"VALENCIA GALLEGOS,JESUS ANGEL","VALENCIA GALLEGOS,JESUS ANGEL",100.0
"BARREIRO RODRIGUEZ,GUADALUPE","BARREIRO RODRIGUEZ,GUADALUPE",100.0
"YANEZ LIMON,JOSE MARTIN","YANEZ LIMON,JOSE MARTIN",100.0
"HERRERA GOMEZ,ALBERTO","HERRERA GOMEZ,ALBERTO",100.0
"KUSSUL,ERNST","KUSSUL,ERNST",100.0
"LARA ROSANO,FELIPE DE JESUS","LARA ROSANO,FELIPE DE JESUS",100.0
"BRUCE DAVIDSON,NEIL CHARLES","BRUCE DAVIDSON,NEIL CHARLES",100.0
"ASCANIO GASCA,GABRIEL","ASCANIO GASCA,GABRIEL",100.0
"SANIGER BLESA,JOSE MANUEL","SANIGER BLESA,JOSE MANUEL",100.0
"BAYDYK,TETYANA","BAYDYK,TETYANA",100.0
"VARGAS MAGANA,MARCOS CESAR","VARGAS MAGANA,MARCOS CESAR",100.0
"GALINDO SEVILLA,NORMA DEL CARMEN","GALINDO SEVILLA,NORMA DEL CARMEN",100.0
"HERNANDEZ LUIS,FRANCISCO","HERNANDEZ LUIS,FRANCISCO",100.0
"ARROYO CORDOVA,ISMAEL JAVIER","ARROYO CORDOBA,ISMAEL JAVIER",96.42857142857143
"PENA CABRERA,EDUARDO","PENA CABRERA,EDUARDO",100.0
"GARNICA GARZA,HECTOR MAURICIO","GARNICA GARZA,HECTOR MAURICIO",100.0
"ACOSTA SALMON,HECTOR","ACOSTA SALMON,HECTOR",100.0
"VEGA MERINO,PEDRO MARTIN","VEGA MERINO,PEDRO MARTIN",100.0
"BUENROSTRO GONZALEZ,EDUARDO","BUENROSTRO GONZALEZ,EDUARDO",100.0
"SANCHEZ MACHADO,DALIA ISABEL","SANCHEZ MACHADO,DALIA ISABEL",100.0
"LOPEZ ZAVALA,MIGUEL ANGEL","LOPEZ ZAVALA,MIGUEL ANGEL",100.0
"CENDEJAS SANTANA,GABRIEL","CENDEJAS SANTANA,GABRIEL",100.0
"BARAJAS RAMIREZ,JUAN GONZALO","BARAJAS RAMIREZ,JUAN GONZALO",100.0
"FARIAS MANCILLA,JOSE RURIK","FARIAS MANCILLA,JOSE RURIK",100.0
"ORNELAS GUTIERREZ,CARLOS ELIAS","ORNELAS GUTIERREZ,CARLOS ELIAS",100.0
"GUERRERO SANCHEZ,WUIYEVALDO FERMIN","GUERRERO SANCHEZ,WUIYEVALDO FERMIN",100.0
"PLIEGO CARRILLO,ADRIANA CRISTINA","PLIEGO CARRILLO,ADRIANA CRISTINA",100.0
"VEGA Y SAENZ DE MIERA,MARIA DEL ROSARIO GUADALUPE","VEGA Y SAENZ DE MIERA,MARIA DEL ROSARIO GUADALUPE",100.0
"ORRANTIA BORUNDA,ERASMO","ORRANTIA BORUNDA,ERASMO",100.0
"RIVAS CACERES,RAYMUNDO RENE","RIVAS CACERES,RAYMUNDO RENE",100.0
"HERNANDEZ BELTRAN,NORMA ALICIA","HERNANDEZ BELTRAN,NORMA ALICIA",100.0
"CHAVEZ REYES,ARTURO","CHAVEZ REYES,ARTURO",100.0
"SOSA BLANCO,CESAR ALBERTO","SOSA BLANCO,CESAR ALBERTO",100.0
"CHICUREL UZIEL,RICARDO","CHICUREL UZIEL,RICARDO",100.0
"QUEZADA RIVERA,JESUS JOSAFATH","QUEZADA RIVERA,JESUS JOSAFATH",100.0
"BORBOLLA ESCOBOZA,JOSE RAFAEL","BORBOLLA ESCOBOZA,JOSE RAFAEL",100.0
"MENDOZA DE LA CRUZ,JOSE LUIS","MENDOZA DE LA CRUZ,JOSE LUIS",100.0
"RAMIREZ SALGADO,JOEL","RAMIREZ SALGADO,JOEL",100.0
"SUAREZ DOMINGUEZ,EDGARDO JONATHAN","SUAREZ DOMINGUEZ,EDGARDO JONATHAN",100.0
"HERNANDEZ AVALOS,PEDRO AARON","HERNANDEZ AVALOS,PEDRO AARON",100.0
"FEREGRINO URIBE,CLAUDIA","FEREGRINO URIBE,CLAUDIA",100.0
"GOMEZ GOMEZ,ISABEL","GOMEZ GOMEZ,ISABEL",100.0
"MELGAR FERNANDEZ,ROBERTO CARLOS","MELGAR FERNANDEZ,ROBERTO CARLOS",100.0
"GRANADOS COVARRUBIAS,EVIN HAZAEL","GRANADOS COVARRUBIAS,EVIN HAZAEL",100.0
"PALACIOS GONZALEZ,EDUARDO","PALACIOS GONZALEZ,EDUARDO",100.0
"DOUDA,YOURI","DOUDA,YOURI",100.0
"BARCENAS CASTANEDA,MARIANA","BARCENAS CASTANEDA,MARIANA",100.0
"CHICUREL Y UZIEL,ENRIQUE JAIME","CHICUREL Y UZIEL,ENRIQUE JAIME",100.0
"PEREZ TAPIA,SONIA MAYRA","PEREZ TAPIA,SONIA MAYRA",100.0
"MARTINEZ JARQUIN,SANDRA","MARTINEZ JARQUIN,SANDRA",100.0
"WINKLER,ROBERT","WINKLER,ROBERT",100.0
"ZAPATA RENDON,BEATRIZ","ZAPATA RENDON,BEATRIZ",100.0
"CORTES ESPINOSA,DIANA VERONICA","CORTES ESPINOSA,DIANA VERONICA",100.0
"ABSALON CONSTANTINO,ANGEL EDUARDO","ABSALON CONSTANTINO,ANGEL EDUARDO",100.0
"MARTINEZ CASTANON,GABRIEL ALEJANDRO","MARTINEZ CASTANON,GABRIEL ALEJANDRO",100.0
"VAZQUEZ DURAN,ALMA GUADALUPE","VAZQUEZ DURAN,ALMA GUADALUPE",100.0
"MONTESINOS GOMEZ,ROSA DEL CARMEN","MONTESINOS GOMEZ,ROSA DEL CARMEN",100.0
"LEYVA INZUNZA,ZENAIDA CAROLINA","LEYVA INZUNZA,ZENAIDA CAROLINA",100.0
"SANCHEZ LOPEZ,JOSE ARTURO","SANCHEZ PAZ,JOSE ARTURO",91.66666666666667
"PARRA SALDIVAR,ROBERTO","PARRA SALDIVAR,ROBERTO",100.0
"PAZ MICHEL,BRENDA ASTRID","PAZ MICHEL,BRENDA ASTRID",100.0
"HERNANDEZ GONZALES,RUTILIA MARISELA","HERNANDEZ GONZALEZ,RUTILIA MARISELA",97.14285714285714
"RODRIGUEZ DE ANDA,EDUARDO","RODRIGUEZ DE ANDA,EDUARDO",100.0
"RAMIREZ GARNICA,MARCO ANTONIO","RAMIREZ GARNICA,MARCO ANTONIO",100.0
"CASTREJON VACIO,FERNANDO","CASTREJON VACIO,FERNANDO",100.0
"CHAVEZ MIYAUCHI,TOMAS EDUARDO","CHAVEZ MIYAUCHI,TOMAS EDUARDO",100.0
"ANGELES ALVAREZ,PEDRO GUILLERMO","ANGELES ALVAREZ,PEDRO GUILLERMO",100.0
"LUJAN MONTELONGO,JESUS ARMANDO","LUJAN MONTELONGO,JESUS ARMANDO",100.0
"ORDONEZ PALACIOS,JOSE MARIO","ORDONEZ PALACIOS,JOSE MARIO",100.0
"REYES ESPARZA,JORGE ALBERTO","REYES ESPARZA,JORGE ALBERTO",100.0
"AGUILAR VEGA,MANUEL DE JESUS","AGUILAR VEGA,MANUEL DE JESUS",100.0
"CASTRUITA DE LEON,GRISELDA","CASTRUITA DE LEON,GRISELDA",100.0
"NEIRA VELAZQUEZ,MARIA GUADALUPE","NEIRA VELAZQUEZ,MARIA GUADALUPE",100.0
"VALDIVIA BARRIENTOS,RICARDO","VALDIVIA BARRIENTOS,RICARDO",100.0
"SANTIAGO GARCIA,JOSE LUIS","SANTIAGO GARCIA,JOSE LUIS",100.0
"LORIA BASTARRACHEA,MARIA ISABEL DE LOS DOLORES","LORIA BASTARRACHEA,MARIA ISABEL DE LOS DOLORES",100.0
"GARCIA CERDA,LUIS ALFONSO","GARCIA CERDA,LUIS ALFONSO",100.0
"PERERA MERCADO,YIBRAN ARGENIS","PERERA MERCADO,YIBRAN ARGENIS",100.0
"PACHECO PACHECO,MARQUIDIA JOSSELINE","PACHECO PACHECO,MARQUIDIA JOSSELINE",100.0
"AGUILAR MENDOZA,GUILLERMO","AGUILAR MENDOZA,GUILLERMO",100.0
"CAMACHO LOPEZ,SANTIAGO","CAMACHO LOPEZ,SANTIAGO",100.0
"MIJAREZ CASTRO,RITO","MIJAREZ CASTRO,RITO",100.0
"RODRIGUEZ RODRIGUEZ,JOAQUIN HECTOR","RODRIGUEZ RODRIGUEZ,JOAQUIN HECTOR",100.0
"GARCIA GONZALEZ,VICTOR GUADALUPE","GARCIA GONZALEZ,VICTOR GUADALUPE",100.0
"DELGADO COELLO,BLANCA ALICIA","DELGADO COELLO,BLANCA ALICIA",100.0
"SERNA SALDIVAR,SERGIO ROMAN OTHON","SERNA SALDIVAR,SERGIO ROMAN OTHON",100.0
"SANTOS ZEA,LILIANA","SANTOS ZEA,LILIANA",100.0
"GALINDO ESQUIVEL,IGNACIO RENE","GALINDO ESQUIVEL,IGNACIO RENE",100.0
"JUAREZ RUIZ,JUAN MANUEL","JUAREZ RUIZ,JUAN MANUEL",100.0
"NAKAMURA LABASTIDA,EDGAR KIYOSHI","NAKAMURA LABASTIDA,EDGAR KIYOSHI",100.0
"MOUSATOV,ALEKSANDR","MOUSATOV,ALEKSANDR",100.0
"GORDILLO MOSCOSO,JOSE LUIS","GORDILLO MOSCOSO,JOSE LUIS",100.0
"VILLARREAL GUERRA,BLANCA LORENA","VILLARREAL GUERRA,BLANCA LORENA",100.0
"ESCOBAR BARRIOS,VLADIMIR ALONSO","ESCOBAR BARRIOS,VLADIMIR ALONSO",100.0
"ZEPEDA PARTIDA,TRINO ARMANDO","ZEPEDA PARTIDA,TRINO ARMANDO",100.0
"ALONSO NUNEZ,GABRIEL","ALONSO NUNEZ,GABRIEL",100.0
"SMOLENTSEVA,ELENA","SMOLENTSEVA,ELENA",100.0
"FUENTES MOYADOS,SERGIO","FUENTES MOYADO,SERGIO",97.67441860465117
"DIAZ DE LEON HERNANDEZ,JORGE NOE","DIAZ DE LEON HERNANDEZ,JORGE NOE",100.0
"CHAVEZ GOMEZ,BENJAMIN","CHAVEZ GOMEZ,BENJAMIN",100.0
"ALVAREZ GAYOSSO,CARLOS ANDRES","ALVAREZ GAYOSSO,CARLOS ANDRES",100.0
"ACEVES DIEZ,ANGEL EMILIO","ACEVES DIEZ,ANGEL EMILIO",100.0
"MENDOZA DUARTE,MONICA ELVIRA","MENDOZA DUARTE,MONICA ELVIRA",100.0
"ZARAGOZA CONTRERAS,ERASTO ARMANDO","ZARAGOZA CONTRERAS,ERASTO ARMANDO",100.0
"FLORES GALLARDO,SERGIO GABRIEL","FLORES GALLARDO,SERGIO GABRIEL",100.0
"LARA MARTINEZ,REYNA","LARA MARTINEZ,REYNA",100.0
"RIVILLAS ACEVEDO,LINA ANDREA","RIVILLAS ACEVEDO,LINA ANDREA",100.0
"ISLAS ANDRADE,SERGIO AGUSTIN","ISLAS ANDRADE,SERGIO AGUSTIN",100.0
"JIMENEZ GARCIA,LUIS FELIPE","JIMENEZ GARCIA,LUIS FELIPE",100.0
"ALVAREZ MAJMUTOV,ANTON","ALVAREZ MAJMUTOV,ANTON",100.0
"AGUILA HERNANDEZ,JACINTO","AGUILA HERNANDEZ,JACINTO",100.0
"GARCIA FLORES,BLANCA ESTELA","GARCIA FLORES,BLANCA ESTELA",100.0
"ARAMBULA COSIO,FERNANDO","ARAMBULA COSIO,FERNANDO",100.0
"JIMENEZ CISNEROS,BLANCA ELENA","JIMENEZ CISNEROS,BLANCA ELENA",100.0
"BARRIOS PEREZ,JOSE ANTONIO","BARRIOS PEREZ,JOSE ANTONIO",100.0
"HERNANDEZ ROMERO,YANET MICAHELA","HERNANDEZ ROMERO,YANET MICAHELA",100.0
"BERNAD BERNAD,MARIA JOSEFA","BERNAD BERNAD,MARIA JOSEFA",100.0
"CORDOVA DIAZ,RENE KTNWA","CORDOVA DIAZ,RENE KTNWA",100.0
"VALDIVIEZO MIJANGOS,OSCAR CERAPIO","VALDIVIEZO MIJANGOS,OSCAR CERAPIO",100.0
"ESTRADA VARGAS,ANA PAULA","ESTRADA VARGAS,ANA PAULA",100.0
"BANUELOS SANCHEZ,PEDRO","BANUELOS SANCHEZ,PEDRO",100.0
"GONZALEZ HERNANDEZ,JESUS","GONZALEZ HERNANDEZ,JESUS",100.0
"LOPEZ ORTIZ,ALEJANDRO","LOPEZ ORTIZ,ALEJANDRO",100.0
"PEREZ ROBLES,JUAN FRANCISCO","PEREZ ROBLES,JUAN FRANCISCO",100.0
"MORALES VILLAGRAN,ALBERTO","MORALES VILLAGRAN,ALBERTO",100.0
"RAMIREZ AMADOR,SERGIO","RAMIREZ AMADOR,SERGIO",100.0
"AGUILAR ESCALANTE,RODOLFO ANTONIO","AGUILAR ESCALANTE,RODOLFO ANTONIO",100.0
"VACAS JACQUES,PAULINO","VACAS JACQUES,PAULINO",100.0
"SANCHEZ LLAMAZARES,JOSE LUIS","SANCHEZ LLAMAZARES,JOSE LUIS",100.0
"IBARRA GAYTAN,PABLO JESUS","IBARRA GAYTAN,PABLO JESUS",100.0
"SANCHEZ VALDES,CESAR FIDEL","SANCHEZ VALDES,CESAR FIDEL",100.0
"GONZALEZ RIOS,HUMBERTO","GONZALEZ RIOS,HUMBERTO",100.0
"ESPINO SOLIS,GERARDO PAVEL","ESPINO SOLIS,GERARDO PAVEL",100.0
"PEDRAZA ESCALONA,MARIA MARTHA","PEDRAZA ESCALONA,MARIA MARTHA",100.0
"OLVERA RODRIGUEZ,ALEJANDRO","OLVERA RODRIGUEZ,ALEJANDRO",100.0
"PEDROZA ISLAS,RUTH","PEDROZA ISLAS,RUTH",100.0
"GARCIA ALEMAN,MARIA DE LOURDES","GARCIA MAGANA,MARIA DE LOURDES",90.0
"RODRIGUEZ LEAL,ERNESTO","RODRIGUEZ LEAL,ERNESTO",100.0
"RODRIGUEZ ALCAZAR,JORGE","RODRIGUEZ ALCAZAR,JORGE",100.0
"GARZON TIZNADO,JOSE ANTONIO","GARZON TIZNADO,JOSE ANTONIO",100.0
"ANTON PALMA,BENITO","ANTON PALMA,BENITO",100.0
"AGUILAR ARMENDARIZ,RAMON ALBERTO","AGUILAR ARMENDARIZ,RAMON ALBERTO",100.0
"SACRISTAN ROCK,EMILIO","SACRISTAN ROCK,EMILIO",100.0
"ALONSO VILATELA,MARIA ELISA","ALONSO VILATELA,MARIA ELISA",100.0
"VILLARREAL TREVINO,JUAN ANTONIO","VILLARREAL TREVINO,JUAN ANTONIO",100.0
"LIU,HONGBO","LIU,HONGBO",100.0
