Inventor,inventor_id,a
Aarón Fernando González Córdova,fl:aa_ln:gonzalezcordova-1,
Abraham Duenas De La Cruz,fl:ab_ln:duenasdelacruz-1,
Abraham Gómez López,fl:ab_ln:lopez-2,
Adma Elena Faraon Chaul Huerta,fl:ad_ln:faraonchaulhuerta-1,
Adrián Enrique Macouzet Díaz Leal,fl:ad_ln:macouzetdiazleal-1,
Adriana de Jesus Aguirre Gutierrez,fl:ad_ln:aguirregutierrez-1,
Alan Armando GARCIA GONZALEZ,fl:al_ln:garciagonzalez-1,
Alan Federico Camacho Velazquez,fl:al_ln:velazquez-1,
Alberto Checa Rojas,fl:al_ln:checarojas-1,
Alberto Montoya,fl:al_ln:montoya-1,
Alberto Osio Hernandez-Pons,fl:al_ln:osiohernandezpons-1,
Alberto Sanchez,fl:al_ln:sanchez-10,
Alejandro A. Elizondo,fl:al_ln:elizondo-1,
Alejandro Cortina-Cordero,fl:al_ln:cortinacordero-1,
Alejandro Enrique Gonzalez,fl:al_ln:gonzalez-20,
Alejandro Espinosa Ruiz,fl:al_ln:espinosaruiz-1,
Alejandro Juarez Corona,fl:al_ln:juarezcorona-1,
Alejandro Leon Escalera,fl:al_ln:escalera-1,
Alejandro Ortega Rodríguez,fl:al_ln:ortegarodriguez-1,
Alejandro Rosas Vazquez,fl:al_ln:rosasvazquez-1,
Alexei F. Licea-Navarro,fl:al_ln:liceanavarro-1,
Alfonso Cardenas,fl:al_ln:cardenas-4,
Alfonso Izquierdo Garcia,fl:al_ln:garcia-24,
Alfonso Javier Barragán Rodríguez,fl:al_ln:barraganrodriguez-1,
Alfred Zehe,fl:al_ln:zehe-1,
Alfredo Diaz Fernandez,fl:al_ln:diazfernandez-1,
Alfredo Gallegos,fl:al_ln:gallegos-1,
Alfredo Ortiz,fl:al_ln:ortiz-5,
Alfredo Rodriguez,fl:al_ln:rodriguez-36,
Alicia del Rayo Jaramillo Jacob,fl:al_ln:jaramillojacob-1,
Alicia Vidal Ortiz,fl:al_ln:ortiz-2,
Allan Alberto Mejia Jaramillo,fl:al_ln:mejiajaramillo-1,
Alvaro Pardo Ramos,fl:al_ln:ramos-7,
Ana Maria Urrea,fl:an_ln:urrea-1,
Andres Encinas,fl:an_ln:encinas-1,
Andres F. Rodriguez-Jasso,fl:an_ln:rodriguezjasso-1,
Andres Godinez,fl:an_ln:godinez-1,
Andres Munoz Ruiz,fl:an_ln:munozruiz-1,
Andres Omar Alvarez Lopez,fl:an_ln:alvarezlopez-1,
Andres Rodrigo Garcia Morlet,fl:an_ln:morlet-1,
Angel Emilio Aceves Diez,fl:an_ln:acevesdiez-1,
Angel Reyes Archundia,fl:an_ln:reyesarchundia-1,
Antonio Espinosa,fl:an_ln:espinosa-5,
Antonio Espiritu Santo Rincon,fl:an_ln:santorincon-1,
Antonio Paredes,fl:an_ln:paredes-1,
Antonio Zenteno Ramirez,fl:an_ln:zentenoramirez-1,
Araceli Olguín-Jimenez,fl:ar_ln:olguinjimenez-1,
Arie Jusidman Rubinstein,fl:ar_ln:rubinstein-2,
Armando Sedano Hernández,fl:ar_ln:hernandez-9,
Armando Zambrano-Huerta,fl:ar_ln:zambranohuerta-1,
Artemio Gonzalez Acevedo,fl:ar_ln:acevedo-1,
Arturo A. Ortiz Rivas,fl:ar_ln:rivas-2,
Arturo Cruz,fl:ar_ln:cruz-10,
Arturo Hjort Delgado,fl:ar_ln:delgado-1,
Arturo Ismael Quinto,fl:ar_ln:quinto-1,
Arturo Romero,fl:ar_ln:romero-3,
Arturo Sanchez Garcia,fl:ar_ln:garcia-4,
Arturo Santos,fl:ar_ln:santos-5,
Arturo Si Ming Lamshing Tai,fl:ar_ln:lamshingtai-2,
Arturo U. Olague,fl:ar_ln:olague-1,
Beatriz Zapata Rendon,fl:be_ln:zapatarendon-1,
Belisario Sanchez Vazquez,fl:be_ln:vazquez-2,
Benito Anton Palma,fl:be_ln:palma-1,
Benjamin Dueñas Figueroa,fl:be_ln:figueroa-2,
Blanca Angelica Segura Pacheco,fl:bl_ln:segurapacheco-1,
Candido Aguilar Barrera,fl:ca_ln:aguilarbarrera-1,
Carlos A. Gonzalez Delgadillo,fl:ca_ln:gonzalezdelgadillo-1,
Carlos Alberto Gomez Aldapa,fl:ca_ln:gomezaldapa-1,
Carlos Emilio Merino Almeida,fl:ca_ln:merinoalmeida-1,
Carlos Ernesto Saenz Camacho,fl:ca_ln:saenzcamacho-1,
Carlos Gonzalez-Hernandez,fl:ca_ln:gonzalezhernandez-1,
Carlos Jair Briceno,fl:ca_ln:briceno-2,
Carlos Mora-Hernandez,fl:ca_ln:morahernandez-1,
Carlos Ramirez de Santiago,fl:ca_ln:ramirezdesantiago-1,
Carmela Rivero-Jiménez,fl:ca_ln:riverojimenez-1,
Carmen Josefina Ramirez,fl:ca_ln:ramirez-15,
Carolina Gonzalez Garcia,fl:ca_ln:garcia-3,
Catalina Maria Velez Argumedo,fl:ca_ln:velezargumedo-1,
Cesar Alejandro Arzate,fl:ce_ln:arzate-1,
Cesar Avitia,fl:ce_ln:avitia-1,
Cesar C. Chavez,fl:ce_ln:chavez-2,
Cesar Cain Chavez Sandoval,fl:ce_ln:chavezsandoval-1,
Cesar Davila,fl:ce_ln:davila-1,
Cesar Omar Medina Juarez,fl:ce_ln:medinajuarez-1,
Charles Dean Cyphery,fl:ch_ln:cyphery-1,
Claudia Gonzalez,fl:cl_ln:gonzalez-4,
Claudia Isabel Sandoval Antunez,fl:cl_ln:sandovalantunez-1,
Claudio Alberto Clamont Bello,fl:cl_ln:clamontbello-1,
Cristina Rosas Salazar,fl:cr_ln:rosassalazar-1,
Cristopher Alejandro Leon Cortez,fl:cr_ln:cortez-1,
Cynthia Denisse Anaya Romo,fl:cy_ln:anayaromo-1,
Daniel Aguirre,fl:da_ln:aguirre-1,
Daniel Herrera Vazquez,fl:da_ln:vazquez-1,
Daniel Talancon,fl:da_ln:talancon-2,
Daniela Alonso,fl:da_ln:alonso-4,
Dariana Graciela Rodríguez-Sánchez,fl:da_ln:rodriguezsanchez-1,
Darien Aguilar Baza,fl:da_ln:baza-1,
Darwin William Fernandez,fl:da_ln:fernandez-1,
David Alberto Musi Navarro,fl:da_ln:musinavarro-1,
David Garza-Maldonado,fl:da_ln:garzamaldonado-2,
David Hugo Carrillo-Cantu,fl:da_ln:carrillocantu-1,
David K. Gonzalez Bojorges,fl:da_ln:gonzalezbojorges-1,
David Ross MACKAY PETT,fl:da_ln:mackaypett-1,
Edgar Antonio Martinez,fl:ed_ln:martinez-12,
Edgar Javier Ortega,fl:ed_ln:ortega-1,
Edgar M. Garcia Tellez,fl:ed_ln:garciatellez-1,
Edgar Salazar Fabian,fl:ed_ln:fabian-1,
Edgard Wolf,fl:ed_ln:wolf-12,
Edna Sanchez-Castrejon,fl:ed_ln:sanchezcastrejon-1,
Eduardo Peña Cabrera,fl:ed_ln:penacabrera-1,
Eduardo Rodriguez de Anda,fl:ed_ln:rodriguezdeanda-1,
Eduardo Sanchez,fl:ed_ln:sanchez-6,
Edvige Galeazzi Toscani,fl:ed_ln:toscani-1,
Efren Solis,fl:ef_ln:solis-1,
Elías Aurelio Romero Saldívar,fl:el_ln:saldivar-1,
Elias Marquez,fl:el_ln:marquez-1,
Elizabeth Quintana Romero,fl:el_ln:romero-2,
Elsa L. Delgado,fl:el_ln:delgado-3,
Emilio Jose Miquilena,fl:em_ln:miquilena-1,
Emilio Robledo,fl:em_ln:robledo-1,
Emilio Ruiz,fl:em_ln:ruiz-1,
Enrique M. Acevedo Arizpe,fl:en_ln:acevedoarizpe-1,
Enrique R. M. Vera,fl:en_ln:vera-2,
Enrique Ramirez Magaña,fl:en_ln:magana-1,
Enrique Valencia Garcia,fl:en_ln:valenciagarcia-1,
Erick Flores Islas,fl:er_ln:islas-1,
Ernesto Heliodoro Escobedo Hernandez,fl:er_ln:escobedohernandez-1,
Esmeralda Ruiz Pacheco,fl:es_ln:pacheco-1,
Esmeralda Soto,fl:es_ln:soto-1,
Esther Orozco Orozco,fl:es_ln:orozcoorozco-1,
Estuardo Aguilar Cordova,fl:es_ln:aguilarcordova-1,
Eunice Cheng,fl:eu_ln:cheng-1,
Ever Hernandez,fl:ev_ln:hernandez-1,
Ezequiel Salas,fl:ez_ln:salas-1,
Fabiola Irene Lopez Vallejo,fl:fa_ln:lopezvallejo-1,
Farhan Ahmed Omer,fl:fa_ln:omer-3,
Federico Castro Munozledo,fl:fe_ln:munozledo-1,
Fernando Burciaga,fl:fe_ln:burciaga-1,
Fernando Gonzalez Lenero,fl:fe_ln:gonzalezlenero-1,
Fernando Ruiz,fl:fe_ln:ruiz-3,
Florencia Marina Moran Pineda,fl:fl_ln:moranpineda-1,
Francisco Fuentes,fl:fr_ln:fuentes-3,
Francisco Guevara Arreola,fl:fr_ln:guevaraarreola-1,
Francisco Javier Curiel,fl:fr_ln:curiel-1,
Francisco Javier Marichi Rodriguez,fl:fr_ln:marichirodriguez-1,
Francisco Javier Moreno Moncada,fl:fr_ln:morenomoncada-1,
Francisco Javier Ramirez Aldana,fl:fr_ln:aldana-1,
Francisco Javier Tovar Lopez,fl:fr_ln:tovarlopez-1,
Francisco Oblea,fl:fr_ln:oblea-1,
Francisco Robles Gil Daellenbach,fl:fr_ln:roblesgildaellenbach-1,
Francisco Romero Salido,fl:fr_ln:romerosalido-1,
Francisco Sosa,fl:fr_ln:sosa-1,
Francisco Vargas,fl:fr_ln:vargas-2,
Gabriel de la Rosa Esparza,fl:ga_ln:esparza-1,
Gabriel GOJON-ZORRILLA,fl:ga_ln:gojonzorrilla-1,
Gabriel Hernández-Zamora,fl:ga_ln:hernandezzamora-1,
Gabriel Padilla,fl:ga_ln:padilla-1,
Georgina Cecilia Laredo Sanchez,fl:ge_ln:laredosanchez-1,
Gerardo Castanon,fl:ge_ln:castanon-1,
Gerardo Hernandez Gonzalez,fl:ge_ln:gonzalez-4,
Gerardo Mijares Saenz,fl:ge_ln:saenz-2,
Gian Carlo Morlet Ugalde,fl:gi_ln:ugalde-1,
Gilberto Robles González,fl:gi_ln:roblesgonzalez-1,
Gildardo Ramirez,fl:gi_ln:ramirez-2,
Gladys Teresa Castorena Cortes,fl:gl_ln:castorenacortes-1,
Graciela Morales,fl:gr_ln:morales-1,
Graciela Reyes Granados,fl:gr_ln:reyesgranados-1,
Guadalupe Rodriguez Sanchez,fl:gu_ln:sanchez-2,
Guanghui Sun,fl:gu_ln:sun-79,
Guillermo Cesar Cervantes Guarneros,fl:gu_ln:cervantesguarneros-1,
Guillermo Locht,fl:gu_ln:locht-1,
Guillermo-José Aguirre-Esponda,fl:gu_ln:aguirreesponda-1,
Gustavo Eduardo Valencia Cruz,fl:gu_ln:valenciacruz-1,
Hector Daniel Martinez,fl:he_ln:martinez-1,
Hector G. Martinez,fl:he_ln:martinez-3,
Hector Hernandez Hernandez,fl:he_ln:hernandezhernandez-1,
Héctor Jaime Alba,fl:he_ln:alba-1,
Heliodoro OSUNA,fl:he_ln:osuna-1,
Herbert Höpfl,fl:he_ln:hopfl-1,
Herman Arias,fl:he_ln:arias-1,
Hiram Aburto,fl:hi_ln:aburto-1,
Horacio Solis,fl:ho_ln:solis-1,
Hugo Antonio Munoz Acosta,fl:hu_ln:acosta-1,
Hugo Fuentes,fl:hu_ln:fuentes-1,
Humberto Orozco Gavaldon,fl:or_ln:humberto-2,
Irene Cruz Leyva,fl:ir_ln:leyva-1,
Ivan Alejandro Gonzalez,fl:iv_ln:gonzalez-1,
Ivan Alejandro Herrera Agassini,fl:iv_ln:herreraagassini-1,
Ivan Jesus Lopez,fl:iv_ln:lopez-1,
Ivan Perez,fl:iv_ln:perez-1,
J. Jesus Castillo Munguia,fl:j._ln:castillomunguia-1,
Jacobo Zyman Beer,fl:ja_ln:zymanbeer-1,
Jaime López-Cervantes,fl:ja_ln:lopezcervantes-1,
Jaime Valenzuela Grado,fl:ja_ln:valenzuelagrado-1,
Jairo Abraham Cruz Lopez,fl:ja_ln:cruzlopez-1,
Jaquelin Martinez Viramontes,fl:ja_ln:martinezviramontes-1,
Javier Aranda Cotero,fl:ja_ln:arandacotero-1,
Javier Castro Rosas,fl:ja_ln:castrorosas-1,
Javier Esteban Rodriguez Rodriguez,fl:ja_ln:rodriguezrodriguez-1,
Javier Ramirez,fl:ja_ln:ramirez-4,
Jeronimo Ramirez,fl:je_ln:ramirez-11,
Jessica Valeria FUENTES SANTIAGO,fl:je_ln:fuentessantiago-1,
Jesus Alejandro Tule,fl:je_ln:tule-1,
Jesus Fernandez-Grandizo Martinez,fl:je_ln:fernandezgrandizomartinez-1,
Jesus Marini Parissi,fl:je_ln:mariniparissi-1,
Jesus Vazquez,fl:je_ln:vazquez-1,
Jesus Villanueva,fl:je_ln:villanueva-5,
Joaquin Sanches Castillo,fl:jo_ln:sanchescastillo-1,
Joel Aldebaran Salazar,fl:jo_ln:salazar-2,
John Corben,fl:jo_ln:corben-1,
Jonathan Kaleb Jalpa,fl:jo_ln:jalpa-1,
Jorge Arturo Ortiz Flores,fl:jo_ln:ortizflores-1,
Jorge Cantu,fl:jo_ln:cantu-4,
Jorge Carlos Tellez Valdes,fl:jo_ln:tellezvaldes-1,
Jorge D. Viesca,fl:jo_ln:viesca-1,
Jorge Del Angel,fl:jo_ln:delangel-1,
Jorge E. Gonzalez Diaz,fl:jo_ln:gonzalezdiaz-1,
Jorge Eugenio Garza Montemayor,fl:jo_ln:garzamontemayor-2,
Jorge González-Canudas,fl:jo_ln:gonzalezcanudas-1,
Jorge Hinojosa,fl:jo_ln:hinojosa-1,
Jorge I. Escamilla Rodriguez,fl:jo_ln:escamillarodriguez-1,
Jorge Jara Zambrano,fl:jo_ln:jarazambrano-1,
Jorge Jara Zambrano,fl:jo_ln:jarazambrano-1,
Jorge Joaquin Canto Ibanez,fl:jo_ln:ibanez-1,
Jorge L. Rosado,fl:jo_ln:rosado-2,
Jorge Lopez-Cuevas,fl:jo_ln:lopezcuevas-1,
Jorge Luis Rosado Loria,fl:jo_ln:loria-1,
Jorge Octavio Villar Kuri,fl:jo_ln:villarkuri-1,
Jorge Rafael Lozada Ramirez,fl:jo_ln:ramirez-19,
Jorge Santisteban,fl:jo_ln:santisteban-1,
Jorge Selim Asaff Arancibia,fl:jo_ln:asaffarancibia-1,
Jorge Silvestre Guerra Meza,fl:jo_ln:guerrameza-1,
Jose Alberto Davila Aleman,fl:jo_ln:davilaaleman-1,
José Ángel Avalos Barcenas,fl:jo_ln:avalosbarcenas-1,
Jose Antonio D. Munoz Moya,fl:jo_ln:munozmoya-1,
Jose Arturo Lona Santoyo,fl:jo_ln:lonasantoyo-1,
Jose De Jesus Camarena Villaseñor,fl:jo_ln:camarenavillasenor-1,
Jose Eduardo Pena Martinez,fl:jo_ln:martinez-9,
Jose Guadalupe GARZA MONTEMAYOR,fl:jo_ln:garzamontemayor-1,
Jose Guerra,fl:jo_ln:guerra-7,
Jose Gustavo Cabrera Aquino,fl:jo_ln:cabreraaquino-1,
Jose J. Galicia,fl:jo_ln:galicia-1,
Jose Jonathan Salazar Loera,fl:jo_ln:salazarloera-1,
Jose L. Sandoval,fl:jo_ln:sandoval-4,
Jose Landa,fl:jo_ln:landa-4,
José Luis Cano Domínguez,fl:jo_ln:canodominguez-1,
Jose Luis Lorente-Adame,fl:jo_ln:lorenteadame-1,
Jose Luis Martinez Carballido,fl:jo_ln:carballido-1,
Jose Luis Morales Martinez,fl:jo_ln:moralesmartinez-1,
Jose Luis Rodolfo Benitez Aguilar,fl:jo_ln:benitezaguilar-1,
Jose Luis Tavares Cortes,fl:jo_ln:tavarescortes-2,
Jose Manuel Guzman Colin,fl:jo_ln:guzmancolin-1,
José Marie Maurice Julien Fripiat,fl:jo_ln:julienfripiat-1,
Jose Martinez Sanchez,fl:jo_ln:sanchez-26,
Jose Medina,fl:jo_ln:medina-12,
José Miguel Lazcano-Seres,fl:jo_ln:lazcanoseres-1,
Jose Octavio SANCHEZ RODRIGUEZ,fl:jo_ln:sanchezrodriguez-2,
José Oscar Mascorro-Gallardo,fl:jo_ln:mascorrogallardo-1,
Jose Rafael Gomez,fl:jo_ln:gomez-8,
Jose Ramon Gachuz Navarro,fl:jo_ln:gachuznavarro-1,
Jose Ramon Garcia Martinez,fl:jo_ln:garciamartinez-3,
José Ramón Martinez Ramírez,fl:jo_ln:martinezramirez-1,
Jose Ramon Molina,fl:jo_ln:molina-11,
Jose Rene Liñan,fl:jo_ln:linan-1,
Jose Ricardo Trolle Lara,fl:jo_ln:trollelara-1,
Jose Roberto Aguilar Ante,fl:jo_ln:aguilarante-1,
Jose Velazquez,fl:jo_ln:velazquez-2,
Jose-Adalberto Terán-Matus,fl:jo_ln:teranmatus-2,
Juan Alberto Juarez Garcia,fl:ju_ln:garcia-17,
Juan Antonio Leon Navarro,fl:ju_ln:leonnavarro-1,
Juan Carlos Catana,fl:ju_ln:catana-1,
Juan Carlos Martinez Laurent,fl:ju_ln:martinezlaurent-1,
Juan Carlos Reyes Martinez,fl:ju_ln:reyesmartinez-1,
Juan Cruz,fl:ju_ln:cruz-4,
Juan Domingo Beckmann Legorreta,fl:ju_ln:beckmannlegorreta-1,
Juan Francisco Garcia Navarro,fl:ju_ln:garcianavarro-2,
Juan Francisco Mojica-Briseño,fl:ju_ln:mojicabriseno-1,
Juan Hernandez,fl:ju_ln:hernandez-11,
Juan Javier Gaytan,fl:ju_ln:gaytan-1,
Juan Jose Rodriguez Salinas,fl:ju_ln:rodriguezsalinas-1,
Juan López De Silanes,fl:ju_ln:lopezdesilanes-1,
Juan Manuel Avila Barriga,fl:ju_ln:barriga-1,
Juan Manuel Cruz Alcaraz,fl:ju_ln:cruzalcaraz-1,
Juan Navarrete Bolanos,fl:ju_ln:navarretebolanos-1,
Juan Pablo Rios Rendon,fl:ju_ln:riosrendon-1,
Juan Ruiz Estrella,fl:ju_ln:ruizestrella-1,
Julio César Rangel Mata,fl:ju_ln:rangelmata-1,
Karen ROETS,fl:ka_ln:roets-1,
Karla Morales,fl:ka_ln:morales-2,
Karla Morena Guajardo Gonzalez,fl:ka_ln:gonzalez-3,
Kevin Marquez Vaca,fl:ke_ln:vaca-1,
Laura Olivia Alemán Vázquez,fl:la_ln:alemanvazquez-1,
Leobardo Campos Macias,fl:le_ln:camposmacias-1,
Leobardo Stephen Lincoln Strange Zenteno,fl:le_ln:zenteno-1,
Leonel A. Barrera,fl:le_ln:barrera-1,
Leticia Flores Santos,fl:le_ln:floressantos-1,
Liliana Alonso Vazquez,fl:li_ln:alonsovazquez-1,
Linda Patricia Osuna Ibarra,fl:li_ln:osunaibarra-1,
Lourival Domingos POSSANI POSTAY,fl:lo_ln:possanipostay-2,
Lucia del Carmen Sanchez Fernandez,fl:lu_ln:sanchezfernandez-2,
Luis A. Arroyo,fl:lu_ln:arroyo-2,
Luis Alberto Durán Hernández,fl:lu_ln:duranhernandez-1,
Luis Angel Garcia Cortes,fl:lu_ln:cortes-1,
Luis Angel Ramirez Ortiz,fl:lu_ln:ortiz-3,
Luis Armando Bravo Castillo,fl:lu_ln:bravocastillo-1,
Luis Becerril,fl:lu_ln:becerril-1,
Luis Camilo Ríos Castañeda,fl:lu_ln:rioscastaneda-1,
Luis E. Canedo,fl:lu_ln:canedo-1,
Luis Estrada Flores,fl:lu_ln:flores-3,
Luis Fernando Loo Zazueta,fl:lu_ln:zazueta-1,
Luis Gonzalez Rodriguez,fl:lu_ln:gonzalezrodriguez-1,
Luis Javier Aguilar,fl:lu_ln:aguilar-3,
Luis Javier Pando Rodriguez,fl:lu_ln:pandorodriguez-1,
Luis Javier RIVERA CRUZ,fl:lu_ln:riveracruz-1,
Luis Joaquín Martínez Layseca,fl:lu_ln:martinezlayseca-1,
Luis Martin,fl:lu_ln:martin-15,
Luis Miguel Franco Caballero,fl:lu_ln:francocaballero-1,
Luis Orlando Castro Cabrera,fl:lu_ln:castrocabrera-1,
Luis Rabasa,fl:lu_ln:rabasa-1,
Luis Salazar-Olivio,fl:lu_ln:salazarolivio-1,
Luis Vazquez,fl:lu_ln:vazquez-3,
Luis Villalobos,fl:lu_ln:villalobos-1,
Manuel Alejandro Vite Cadena,fl:ma_ln:cadena-1,
Manuel Leon,fl:ma_ln:leon-13,
Manuel Oyervides Garcia,fl:ma_ln:garcia-2,
Manuel Sanchez,fl:ma_ln:sanchez-27,
Manuel Vazquez,fl:ma_ln:vazquez-2,
Marcel Montemayor Cavazos,fl:ma_ln:cavazos-1,
Marcela Verónica Arizpe Rodríguez,fl:ma_ln:rodriguez-11,
Marco Antonio Aquino Olivos,fl:ma_ln:aquinoolivos-2,
Marco Antonio Gonzalez Garcia,fl:ma_ln:gonzalezgarcia-5,
Marco Antonio Hidrogo Ordaz,fl:ma_ln:hidrogoordaz-1,
Marco Sanchez,fl:ma_ln:sanchez-57,
Marcos Ahuizotl Fragoso Iñiguez,fl:ma_ln:fragosoiniguez-1,
Maria del Mar Cepeda Garcia,fl:ma_ln:garcia-18,
Maria del Pilar Arzola Garcia,fl:ma_ln:arzolagarcia-1,
Maria Elena Vazquez,fl:ma_ln:vazquez-7,
Maria Fernanda Pulido Plauchud,fl:ma_ln:pulidoplauchud-1,
Maria Fernandez Trevino,fl:ma_ln:trevino-1,
Maria Gonzalez,fl:ma_ln:gonzalez-9,
Maria Nohemi Bravo Solis,fl:ma_ln:bravosolis-1,
Maria Teresa Guerra-Reyes,fl:ma_ln:guerrareyes-2,
María Teresa Mata-González,fl:ma_ln:matagonzalez-1,
Mario Alejandro Medina Huerta,fl:ma_ln:medinahuerta-1,
Mario Contreras Sosa,fl:ma_ln:contrerassosa-1,
Mario Garcia Lannoy,fl:ma_ln:lannoy-1,
Mario Sergio Sandate Aguilar,fl:ma_ln:sandateaguilar-1,
Martin Zamorano Fragoso,fl:ma_ln:fragoso-2,
Mauricio de la Garza,fl:ma_ln:delagarza-1,
Mauricio Enrique Ferrusca Ceja,fl:ma_ln:ferruscaceja-1,
Mauricio Javier Gutierrez Romero,fl:ma_ln:romero-8,
Mauricio Zambrano,fl:ma_ln:zambrano-1,
Michelle Carolina Herrera Gutierrez,fl:mi_ln:herreragutierrez-1,
Miguel Arias-Estrada,fl:mi_ln:ariasestrada-1,
Miguel Arroyo Ortega,fl:mi_ln:arroyoortega-1,
Miguel Bernal Marin,fl:mi_ln:bernalmarin-1,
Miguel Bravo-Zanoguera,fl:mi_ln:bravozanoguera-1,
Miguel Camargo Soto,fl:mi_ln:camargosoto-1,
Miguel E. Madero O'Brien,fl:mi_ln:maderoo'brien-1,
Miguel F. Escobar,fl:mi_ln:escobar-2,
Miguel Hernandez,fl:mi_ln:hernandez-6,
Miguel Morfin Diaz,fl:mi_ln:morfindiaz-1,
Mike Appleby,fl:mi_ln:appleby-2,
Mikhail G. Shlyagin,fl:mi_ln:shlyagin-1,
Minerva Nieto Torres,fl:mi_ln:nietotorres-1,
Moises Lopez,fl:mo_ln:lopez-4,
Monica Mendoza,fl:mo_ln:mendoza-1,
Nathali Vasquez Henao,fl:na_ln:vasquezhenao-1,
Nicole Pamela Herrera Gutierrez,fl:ni_ln:herreragutierrez-1,
Norma Araceli García Muñoz,fl:no_ln:garciamunoz-1,
Octavio Beltran Salinas,fl:oc_ln:salinas-1,
Octavio Parra Tabla,fl:oc_ln:tabla-1,
Ola Lantz,fl:ol_ln:lantz-1,
Omar Antonio Ramirez,fl:om_ln:ramirez-1,
Omar Rene Hernandez Sanchez,fl:om_ln:hernandezsanchez-1,
Omar Yuren Mendoza Bravo,fl:om_ln:mendozabravo-1,
Orlando Santillan Godinez,fl:or_ln:santillangodinez-1,
Oscar Alvarez,fl:os_ln:alvarez-4,
Oscar Hernandez Cervantes,fl:os_ln:hernandezcervantes-1,
Oscar Saavedra,fl:os_ln:saavedra-2,
Pablo Alejandro del Angel Marrufo,fl:pa_ln:marrufo-1,
Pablo Daniel Molina Cardozo,fl:pa_ln:molinacardozo-1,
Pablo Gomez,fl:pa_ln:gomez-8,
Pablo Vidales,fl:pa_ln:vidales-1,
Pablo-Enrique Duarte-Escareno,fl:pa_ln:duarteescareno-2,
Patricia Luevano,fl:pa_ln:luevano-1,
Patricia Luevano Gonzalez,fl:pa_ln:luevanogonzalez-1,
Patricia Olguin Lora,fl:pa_ln:olguinlora-1,
Pedro Montoya,fl:pe_ln:montoya-1,
Pedro Yabur Pacheco,fl:pe_ln:yaburpacheco-1,
Philippe Leff Gelman,fl:ph_ln:gelman-1,
Rafael Avalos-Guzman,fl:ra_ln:avalosguzman-1,
Rafael Valadez-Castillo,fl:ra_ln:valadezcastillo-1,
Ramón Alberto Aguilar Armendariz,fl:ra_ln:armendariz-1,
Ramón Oswaldo G. Medina,fl:ra_ln:medina-1,
Ramón PARRA MICHEL,fl:ra_ln:parramichel-1,
Ramses Galaz Mendez,fl:ra_ln:galazmendez-1,
Raul Caballero,fl:ra_ln:caballero-2,
Raul Campogarrido,fl:ra_ln:campogarrido-1,
Raúl Dominguez Palestino,fl:ra_ln:dominguezpalestino-1,
Raul G. Enriquez,fl:ra_ln:enriquez-2,
Raul Navarro-Mascarell,fl:ra_ln:navarromascarell-1,
Ricardo Abraham De La Cruz Cordero,fl:ri_ln:delacruzcordero-1,
Ricardo Alejandro Lopez Guajardo,fl:ri_ln:lopezguajardo-1,
Ricardo Benavides-Perez,fl:ri_ln:benavidesperez-1,
Ricardo Cano,fl:ri_ln:cano-2,
Ricardo Elizondo Costa,fl:ri_ln:costa-3,
Ricardo Jimenez,fl:ri_ln:jimenez-1,
Ricardo Rey Diez,fl:ri_ln:diez-1,
Ricardo Sánchez-Ortega,fl:ri_ln:sanchezortega-1,
Roberto C. Medellin,fl:ro_ln:medellin-1,
Roberto C. Narro,fl:ro_ln:narro-1,
Roberto Carrillo Fuentevilla,fl:ro_ln:carrillofuentevilla-1,
Roberto Cruz,fl:ro_ln:cruz-14,
Roberto Flores Ortega,fl:ro_ln:ortega-5,
Roberto Miranda Guerrero,fl:ro_ln:mirandaguerrero-1,
Roberto Morales,fl:ro_ln:morales-10,
Roberto Octaviano Flores-Serrano,fl:ro_ln:floresserrano-1,
Roberto Olvera-Camacho,fl:ro_ln:olveracamacho-1,
Roberto Ramirez-Delgado,fl:ro_ln:ramirezdelgado-1,
Roberto Rodolfo Kretschmer Schmid,fl:ro_ln:schmid-15,
Roberto Sonabend,fl:ro_ln:sonabend-1,
Rodolfo Flores-Flores,fl:ro_ln:floresflores-1,
Rodolfo Ramirez,fl:ro_ln:ramirez-17,
Rodrigo Alonso Galindo,fl:ro_ln:galindo-1,
Rodrigo Flores Maldonado,fl:ro_ln:maldonado-4,
Rodrigo Lobeira Massu,fl:ro_ln:lobeiramassu-1,
Rogelio Fernando Gutierrez Valdes,fl:ro_ln:gutierrezvaldes-1,
Rogelio Hernandez Suarez,fl:ro_ln:hernandezsuarez-1,
Romeo Jesús Reyes Ávila,fl:ro_ln:reyesavila-1,
Romualdo Segura Ruiz,fl:ro_ln:seguraruiz-1,
Rosa N. Gutierrez Aguilar,fl:ro_ln:gutierrezaguilar-1,
Rubi Elizabeth Triana Zorsano,fl:ru_ln:trianazorsano-1,
Salvador Iturbide Jimenez,fl:sa_ln:iturbidejimenez-1,
Salvador Valtierra-Gallardo,fl:sa_ln:valtierragallardo-1,
Samir Kumar Maity,fl:sa_ln:maity-3,
Sara Trevino Garza,fl:sa_ln:garza-1,
Saul Escobar,fl:sa_ln:escobar-2,
Saulo David Cortes Cervantes,fl:sa_ln:cortescervantes-1,
Sebastian Rosas Contreras,fl:se_ln:rosascontreras-1,
Sergio Acosta,fl:se_ln:acosta-1,
Sergio Antonio Delon Canseco,fl:se_ln:deloncanseco-1,
Sergio Cardoza,fl:se_ln:cardoza-1,
Sergio Joaquin Gonzalez Flores,fl:se_ln:gonzalezflores-1,
Sergio Moctezuma-Espiricueto,fl:se_ln:moctezumaespiricueto-1,
Sergio Moreno Liñan,fl:se_ln:morenolinan-1,
Sergio Ramirez Amador,fl:se_ln:ramirezamador-1,
Sergio Sanchez Garcia,fl:se_ln:sanchezgarcia-1,
Sergio Serna-Saldivar,fl:se_ln:sernasaldivar-2,
Serguei Miridonov,fl:se_ln:miridonov-1,
Soraya C. Mendoza,fl:so_ln:mendoza-1,
Sven Mierswa,fl:sv_ln:mierswa-1,
Swaminathan Iyer,fl:sw_ln:iyer-4,
Tanya A. Camacho-Villegas,fl:ta_ln:camachovillegas-1,
Tara Sanzone,fl:ta_ln:sanzone-1,
Teodoro Martinez,fl:te_ln:martinez-5,
Teresa Antillon,fl:te_ln:antillon-1,
Teresa Guadalupe Roldan Carrillo,fl:te_ln:roldancarrillo-1,
Tito G. Perez,fl:ti_ln:perez-2,
Trevor Williams,fl:tr_ln:williams-5,
Tzitzijani del Carmen Silva Rodriguez,fl:tz_ln:rodriguez-1,
Ulises Eladio Pérez Hinojosa,fl:ul_ln:perezhinojosa-2,
Uriel Torres Davalos,fl:ur_ln:torresdavalos-1,
Valeri Kontorovich Mazover,fl:va_ln:kontorovichmazover-1,
Vasilii V. Spirin,fl:va_ln:spirin-1,
Veronica Elizabeth Vela,fl:ve_ln:vela-1,
Vicente Garibay Febles,fl:vi_ln:garibayfebles-1,
Victor Alfonso Gonzalez Tellez,fl:vi_ln:gonzaleztellez-1,
Victor Antonio Lopez Villamar,fl:vi_ln:lopezvillamar-1,
Victor Castro,fl:vi_ln:castro-2,
Victor Cisneros,fl:vi_ln:cisneros-1,
Victor Daniel Espinosa Gutierrez,fl:vi_ln:espinosagutierrez-1,
Victor Gomez,fl:vi_ln:gomez-3,
Victor Gonzalez,fl:vi_ln:gonzalez-6,
Victor Hugo Salinas Fox,fl:vi_ln:salinasfox-2,
Victor Ilizaliturri,fl:vi_ln:ilizaliturri-1,
Victor Manuel Viesca,fl:vi_ln:viesca-1,
Victor Negrete Cortes,fl:vi_ln:negretecortes-1,
Victor Pagaza-Melero,fl:vi_ln:pagazamelero-1,
Victor Perez Moreno,fl:vi_ln:perezmoreno-1,
Vladimir Garcia Hernandez,fl:vl_ln:garciahernandez-1,
Vladimir Garcia Saavedra,fl:vl_ln:garciasaavedra-1,
Wesley Mendez,fl:we_ln:mendez-1,
Wilfredo Marquez Rios,fl:wi_ln:rios-2,
William L. Booth,fl:wi_ln:booth-3,
Zenón Rodríguez-Juárez,fl:ze_ln:rodriguezjuarez-1,
Adrian Aguirre,fl:ad_ln:aguirre-2,
Adriana Montalvo Urbano,fl:ad_ln:montalvourbano-1,
Agustin Monroy,fl:ag_ln:monroy-1,
Alan Harvey,fl:al_ln:harvey-12,
Alan Sampson,fl:al_ln:sampson-3,
Alberto Osio Sancho,fl:al_ln:sancho-1,
Alejandro Becker Del Río,fl:al_ln:beckerdelrio-1,
Alejandro Claudio Esquivel de la Garza,fl:al_ln:esquiveldelagarza-1,
Alejandro Gomez,fl:al_ln:gomez-16,
Alejandro Gómez Caudillo,fl:al_ln:gomezcaudillo-1,
Alejandro Guzman,fl:al_ln:guzman-4,
Alejandro Perez,fl:al_ln:perez-13,
Alfredo Aguilar Elguezabal,fl:al_ln:elguezabal-1,
Alfredo Cuevas Vega,fl:al_ln:cuevasvega-1,
América Elizabeth Mendoza Aguilar,fl:am_ln:mendozaaguilar-1,
Amit Sachdev,fl:am_ln:sachdev-1,
Ana Katia Silva,fl:an_ln:silva-1,
Ana Katia Silva Jiménez,fl:an_ln:jimenez-16,
Anthony Kyung Guzman Leguel,fl:an_ln:guzmanleguel-1,
Antonio Alvarez De La Cadena,fl:an_ln:alvarezdelacadena-1,
Antonio Domit,fl:an_ln:domit-1,
Antonio Lugo Trejo,fl:an_ln:lugotrejo-1,
Ariel Esaul Gómez Martínez,fl:ar_ln:gomezmartinez-1,
Ariel Santamaria,fl:ar_ln:santamaria-1,
Armando Garcia Luna,fl:ar_ln:garcialuna-1,
Artemio Josue Aguilar,fl:ar_ln:aguilar-2,
Arturo ZUNIGA,fl:ar_ln:zuniga-1,
Benjamin Duenas,fl:be_ln:duenas-1,
Benjamin Gary Brenning,fl:be_ln:brenning-1,
Bernardo Velázquez Navarro,fl:be_ln:velazqueznavarro-1,
Bernhard M. Janitzki,fl:be_ln:janitzki-1,
Blanca Lucia Medellin Rivera,fl:bl_ln:medellinrivera-1,
Boris Fridman-Mintz,fl:bo_ln:fridmanmintz-1,
Carlos A. Ordonez,fl:ca_ln:ordonez-3,
Carlos Baltazar Castro Maciel,fl:ca_ln:castromaciel-1,
Carlos F. Becerra,fl:ca_ln:becerra-1,
Carlos Humberto Felix Frias,fl:ca_ln:felixfrias-1,
Carlos Mendoza,fl:ca_ln:mendoza-2,
Carlos Munoz Carrillo,fl:ca_ln:munozcarrillo-1,
Carlos Ochoa,fl:ca_ln:ochoa-3,
Carlos Tenorio Gutierrez,fl:ca_ln:gutierrez-7,
Carlos Vargas,fl:ca_ln:vargas-1,
Carlos Vega Velazquez,fl:ca_ln:velazquez-2,
Carmen Hernandez-Brenes,fl:ca_ln:hernandezbrenes-1,
Cecilia de los Ángeles Durán Valencia,fl:ce_ln:duranvalencia-1,
Cecilia Espinoza Diaz,fl:ce_ln:espinozadiaz-1,
Ceferino Garcia,fl:ce_ln:garcia-2,
Cesar Aguilera,fl:ce_ln:aguilera-2,
Cesar Alejandro de los Santos Campos,fl:ce_ln:delossantoscampos-1,
Cesar G. Ortiz,fl:ce_ln:ortiz-1,
Cesar Padilla,fl:ce_ln:padilla-1,
Cesar Rodriguez Cedillo,fl:ce_ln:rodriguezcedillo-1,
Concepcion Isidro Olán,fl:co_ln:isidroolan-1,
Daniel Felipe Heredia Saucedo,fl:da_ln:herediasaucedo-1,
Daniel Herrera Vazquez,fl:da_ln:vazquez-1,
Daniel Murillo,fl:da_ln:murillo-2,
Dante Manuel Hernandez,fl:da_ln:hernandez-1,
David Bueno Nunez,fl:da_ln:buenonunez-1,
David Mercado,fl:da_ln:mercado-2,
David Reyes Lopez,fl:da_ln:lopez-4,
Demófilo Maldonado-Cortés,fl:de_ln:maldonadocortes-1,
Diego Ivan Garcia Escobedo,fl:di_ln:garciaescobedo-1,
Edgar Benedicto Zamora Guerrero,fl:ed_ln:zamoraguerrero-1,
Edgar Iván Hernández Carbajal,fl:ed_ln:hernandezcarbajal-1,
Edith Meneses Ruiz,fl:ed_ln:menesesruiz-1,
Eduardo Estrada de Leon,fl:ed_ln:estradadeleon-1,
Eduardo Ruiz Esparza Flores,fl:ed_ln:flores-2,
Eduardo Serrano,fl:ed_ln:serrano-2,
Elias Rigoberto Ledesma-Orozco,fl:el_ln:ledesmaorozco-2,
Emanuel Ruelas Cabrera,fl:em_ln:cabrera-1,
Emmanuel B. Gonzalez,fl:em_ln:gonzalez-3,
Emmanuel Garcia Ruiz,fl:em_ln:garciaruiz-1,
Emmanuel Saucedo-Flores,fl:em_ln:saucedoflores-1,
Enrique Chavez,fl:en_ln:chavez-1,
Enrique Chávez Fernández,fl:en_ln:fernandez-1,
Enrique Granell Peniche,fl:en_ln:granellpeniche-1,
Enrique Saldivar Guerra,fl:en_ln:saldivarguerra-1,
Eric Campos Canton,fl:er_ln:camposcanton-1,
Erick Higashi,fl:er_ln:higashi-2,
Esau Aguinaga,fl:es_ln:aguinaga-1,
Esteban Figueroa Ortiz,fl:es_ln:ortiz-2,
Estefania Rojas Silva,fl:es_ln:rojassilva-1,
Etel Maya Flores,fl:et_ln:mayaflores-1,
Fabiola Patricia Villanueva Tavares,fl:fa_ln:villanuevatavares-1,
Federico Villalobos,fl:fe_ln:villalobos-1,
Felipe Antonio Martinez Rodriguez,fl:fe_ln:martinezrodriguez-1,
Felix Rodriguez Perfino,fl:fe_ln:rodriguezperfino-1,
Fermin Marquez Arzate,fl:fe_ln:arzate-1,
Fernando Alonso Martínez,fl:fe_ln:alonsomartinez-1,
Fernando Chacon,fl:fe_ln:chacon-1,
Fernando Garcia,fl:fe_ln:garcia-9,
Fernando Ramos,fl:fe_ln:ramos-1,
Fidencio Hernandez Perez,fl:fi_ln:hernandezperez-1,
Florentino Leyte Guerrero,fl:fl_ln:leyteguerrero-1,
Florentino Rafael Murrieta Guevara,fl:fl_ln:murrietaguevara-1,
Francisco Bates-Hurtado,fl:fr_ln:bateshurtado-1,
Francisco Javier Ferreira Yanez,fl:fr_ln:ferreirayanez-1,
Francisco Mondragon Sarmiento,fl:fr_ln:mondragonsarmiento-1,
Francisco Ronquillo,fl:fr_ln:ronquillo-1,
Gabriel A. Ruelas,fl:ga_ln:ruelas-1,
Gabriel Arturo Carpio Aragon,fl:ga_ln:carpioaragon-1,
Gabriel Cendejas Santana,fl:ga_ln:cendejassantana-1,
Gabriel Gojon-Romanillos,fl:ga_ln:gojonromanillos-1,
Gabriel Hernández Zamora,fl:ga_ln:hernandezzamora-2,
Gabriela Isabel Rubio Barraza,fl:ga_ln:barraza-1,
Genaro Neri,fl:ge_ln:neri-1,
Gerardo Angel Gonzalez Chapa,fl:ge_ln:gonzalezchapa-1,
Gerardo Pagaza-Melero,fl:ge_ln:pagazamelero-1,
Gerardo Rodriguez Garay,fl:ge_ln:rodriguezgaray-1,
German Romero Legorreta,fl:ge_ln:romerolegorreta-1,
Gohar Gevorgyan,fl:go_ln:gevorgyan-1,
Gonzalo Espindola,fl:go_ln:espindola-1,
Gregorio Gutierrez,fl:gr_ln:gutierrez-3,
Guillermo Gonzalez,fl:gu_ln:gonzalez-2,
Guillermo Hernandez Gallegos,fl:gu_ln:gallegos-2,
Guillermo Morales Barrios,fl:gu_ln:barrios-2,
Hector Altuve-Ferrer,fl:he_ln:altuveferrer-1,
Héctor de Jesús Velez-Rivera,fl:he_ln:velezrivera-2,
Hedy H. Morales Bolaños,fl:he_ln:moralesbolanos-1,
Irving Morales Rodriguez,fl:ir_ln:moralesrodriguez-1,
J. Fernando Ramirez,fl:j._ln:ramirez-1,
Jacques Nault,fl:ja_ln:nault-1,
James Hill Brogoitti,fl:ja_ln:brogoitti-1,
Janet Alejandra Gutierrez-Uribe,fl:ja_ln:gutierrezuribe-2,
Javier Carpio Garcia,fl:ja_ln:carpiogarcia-1,
Javier Garza,fl:ja_ln:garza-3,
Jesus Alfonso Alarcon Hernandez,fl:je_ln:alarconhernandez-1,
Jesus Antonio Marin Bello,fl:je_ln:bello-1,
Jesus Ernesto Ibarra Hernandez,fl:je_ln:ibarrahernandez-1,
Jesus Marin Cruz,fl:je_ln:marincruz-1,
Jesus Omar Ponce,fl:je_ln:ponce-1,
Joaquín Fernández Baumeister,fl:jo_ln:baumeister-2,
Johan Gomez Martinez,fl:jo_ln:martinez-3,
Jorge Abraham Gonzalez Villarreal,fl:jo_ln:gonzalezvillarreal-1,
Jorge Cano,fl:jo_ln:cano-4,
Jorge Fernando Ramirez Solis,fl:jo_ln:ramirezsolis-1,
Jorge Froylan Palomeque Santiago,fl:jo_ln:palomequesantiago-1,
Jorge Gonzalez,fl:jo_ln:gonzalez-19,
Jorge J. Campos,fl:jo_ln:campos-10,
Jorge Luis Rios Almanza,fl:jo_ln:riosalmanza-1,
Jorge Manuel Rodriguez Vazquez,fl:jo_ln:rodriguezvazquez-1,
Jorge Romero,fl:jo_ln:romero-11,
Jorge Sotelo,fl:jo_ln:sotelo-3,
Jose A. De La Fuente,fl:jo_ln:delafuente-2,
Jose Alberto Gastelum Moreno,fl:jo_ln:moreno-18,
Jose Alvaro Barba Villanueva,fl:jo_ln:villanueva-3,
Jose Antonio Aguilar Mendez,fl:jo_ln:aguilarmendez-1,
José Antonio Bivián Balanzario,fl:jo_ln:bivianbalanzario-1,
Jose Antonio Ortiz Niembro,fl:jo_ln:ortizniembro-1,
Jose Cordero,fl:jo_ln:cordero-3,
Jose Filiberto Escamilla Canedo,fl:jo_ln:canedo-1,
Jose Formoso,fl:jo_ln:formoso-1,
Jose Francisco Aguilar,fl:jo_ln:aguilar-13,
Jose G. Delgado,fl:jo_ln:delgado-9,
Jose Guadalupe Sanchez De La Rosa,fl:jo_ln:sanchezdelarosa-2,
Jose Luis Garcia Gutierrez,fl:jo_ln:garciagutierrez-1,
Jose Luis Gutierrez Flores,fl:jo_ln:gutierrezflores-1,
Jose Maria Ribot Barroso,fl:jo_ln:ribotbarroso-1,
Jose Mauricio Munoz Fuentes,fl:jo_ln:fuentes-3,
Jose Maurilio Rodriguez Mesa,fl:jo_ln:rodriguezmesa-1,
Jose Nicolas Juarez Espinoza,fl:jo_ln:juarezespinoza-1,
Jose Represas De Almeida,fl:jo_ln:dealmeida-4,
Jose Roberto Frausto Rodriguez,fl:jo_ln:fraustorodriguez-1,
Jose Tamez-Pena,fl:jo_ln:tamezpena-1,
Juan Daniel González,fl:ju_ln:gonzalez-20,
Juan De Jesus,fl:ju_ln:dejesus-2,
Juan de la Cruz Clavel López,fl:ju_ln:clavellopez-1,
Juan Gabriel Gonzalez Juarez,fl:ju_ln:gonzalezjuarez-1,
Juan Manuel Medina,fl:ju_ln:medina-2,
Juan Miguel Gonzalez,fl:ju_ln:gonzalez-18,
Juan Pablo Salgado,fl:ju_ln:salgado-1,
Julian Lopez-Portillo,fl:ju_ln:lopezportillo-1,
Julian Maldonado Valenzuela,fl:ju_ln:maldonadovalenzuela-1,
Karla Janet Aranda Arzaluz,fl:ka_ln:arzaluz-1,
Laura Sanchez,fl:la_ln:sanchez-3,
Laureano Simón Buela,fl:la_ln:buela-1,
Leonardo Felipe Romo Morales,fl:le_ln:romomorales-1,
Leopoldo Urbina,fl:le_ln:urbina-2,
Lorenzo Martinez Gomez,fl:lo_ln:gomez-4,
Luis Adrian Tena Han,fl:lu_ln:tenahan-1,
Luis Alarcon,fl:lu_ln:alarcon-1,
Luis Alberto Garcia Luna,fl:lu_ln:garcialuna-1,
Luis Carlos Castaneda Lopez,fl:lu_ln:castanedalopez-1,
Luis Eduardo Herrera,fl:lu_ln:herrera-2,
Luis Emilio Cruz-Barba,fl:lu_ln:cruzbarba-1,
Luis Francisco Flores Ortiz,fl:lu_ln:floresortiz-1,
Luis Humberto Soni Gutierrez,fl:lu_ln:sonigutierrez-1,
Luis Manuel Quej Ake,fl:lu_ln:quejake-1,
Luis Miguel Lopez Gonzalez,fl:lu_ln:lopezgonzalez-1,
Luis Olmos Gonzalez,fl:lu_ln:olmosgonzalez-1,
Luis Rafael Ibarra Robles,fl:lu_ln:robles-1,
Luis Rodolfo Zamorano Morfín,fl:lu_ln:zamoranomorfin-1,
Luis Talavera,fl:lu_ln:talavera-1,
Magno Alcantara Talavera,fl:ma_ln:alcantaratalavera-1,
Manlio Francisco Barajas Hernandez,fl:ma_ln:barajashernandez-1,
Manuel Antonio Becerra Becerra,fl:ma_ln:becerrabecerra-1,
Manuel Antonio Escamilla Hernandez,fl:ma_ln:escamillahernandez-1,
Marco Ali Curti Espinosa,fl:ma_ln:espinosa-1,
Marcos Moreno Pastor,fl:ma_ln:pastor-1,
Marcos Perez,fl:ma_ln:perez-48,
María del Rosario Socorro Luna Ramírez,fl:er_ln:lunarojero-1,
Maria Paloma Franco Uruñuela,fl:ma_ln:francourunuela-1,
Mario de Aguero Servin,fl:ma_ln:servin-2,
Mario Lopez Ruiz,fl:ma_ln:ruiz-23,
Mario Lorenzana Saucedo,fl:ma_ln:lorenzanasaucedo-1,
Mario Soberon-Chavez,fl:ma_ln:soberonchavez-1,
Mark Vargas Morelli Luna,fl:ma_ln:vargasmorelliluna-1,
Marvin Karpa Feldman,fl:ma_ln:feldman-11,
Merida Sotelo-Lerma,fl:me_ln:sotelolerma-1,
Meytha Marsch-Moreno,fl:me_ln:marschmoreno-1,
Miguel Alvarez,fl:mi_ln:alvarez-6,
Miguel Angel Gallegos,fl:mi_ln:gallegos-1,
Miguel Angel Hernandez,fl:mi_ln:hernandez-5,
Miguel Angel Kiyama-Rodriguez,fl:mi_ln:kiyamarodriguez-1,
Miguel Ángel Leal Cerda,fl:mi_ln:lealcerda-1,
Miguel Angel Silva Rubio,fl:mi_ln:silvarubio-1,
Miguel Enrique Alvarado LICON,fl:mi_ln:licon-1,
Miguel Mendez,fl:mi_ln:mendez-1,
Miguel Perez Luna,fl:mi_ln:perezluna-1,
Missael Bonifacio Romero Escobedo,fl:mi_ln:romeroescobedo-1,
Monica Montserrat Huerta Ruvalcaba,fl:mo_ln:huertaruvalcaba-1,
Natalya Victorovna Likhanova,fl:na_ln:victorovnalikhanova-1,
Norma Icoquih Zapata Peñasco,fl:no_ln:zapatapenasco-1,
Omar Aguilar Macedo,fl:om_ln:aguilarmacedo-1,
Omar Garcia Lopez,fl:om_ln:lopez-1,
Omar Mendoza Vera,fl:om_ln:mendozavera-1,
Omar Rocha,fl:om_ln:rocha-1,
Oscar Eduardo Flores Pantoja,fl:os_ln:florespantoja-1,
Oscar Gloria Bello,fl:os_ln:gloriabello-1,
Oscar Omar Estrada,fl:os_ln:estrada-1,
Oscar Ponte Rivas,fl:os_ln:ponterivas-1,
Oscar Rodriguez,fl:os_ln:rodriguez-7,
Pablo Gonzalez,fl:pa_ln:gonzalez-13,
Pablo Isaac Villalva Sanchez,fl:pa_ln:villalvasanchez-1,
Patricia Pérez Romo,fl:pa_ln:perezromo-1,
Paz Del Angel Vicente,fl:pa_ln:delangelvicente-1,
Pedro Peña Santoyo,fl:pe_ln:penasantoyo-1,
Rafael Garcia,fl:ra_ln:garcia-30,
Rafael Pinto-Negroe,fl:ra_ln:pintonegroe-1,
Raquel Maldonado Cabrera,fl:ra_ln:maldonadocabrera-1,
Raul Arellano MALDONADO,fl:ra_ln:maldonado-4,
Raul Medina-Mora Icaza,fl:ra_ln:icaza-1,
Raul Santillan Galvan,fl:ra_ln:santillangalvan-1,
René Martínez Sierra,fl:re_ln:martinezsierra-1,
Ricardo David Luna Olvera,fl:ri_ln:lunaolvera-1,
Ricardo Hernandez,fl:ri_ln:hernandez-6,
Roberto Betancourt Sanchez,fl:ro_ln:betancourtsanchez-1,
Roberto Camposeco Solis,fl:ro_ln:camposecosolis-1,
Roberto De la Rosa Santamaria,fl:ro_ln:delarosasantamaria-1,
Roberto Hernandez,fl:ro_ln:hernandez-5,
Roberto J. Carrillo Gonzalez,fl:ro_ln:carrillogonzalez-1,
Roberto Krumm Cortes,fl:ro_ln:krummcortes-1,
Roberto QUINTANA SOLORZANO,fl:ro_ln:quintanasolorzano-1,
Roberto Villegas Muriel,fl:ro_ln:villegasmuriel-1,
Rodolfo De La Mora Ramirez,fl:ro_ln:delamoraramirez-1,
Rodrigo Frieventh Cienfuegos,fl:ro_ln:frieventhcienfuegos-1,
Rolando Jesus Alanis Villarreal,fl:ro_ln:alanisvillarreal-1,
Ruben M. Lopez,fl:ru_ln:lopez-4,
Salvador A. Canales,fl:sa_ln:canales-2,
Salvador Alvarez Islas,fl:sa_ln:islas-1,
Sean Zhu,fl:se_ln:zhu-1,
Sergio David Esquivel Álvarez,fl:se_ln:esquivelalvarez-1,
Sergio Garcia de Alba Garcin,fl:se_ln:dealbagarcin-1,
Sergio Octavio Montero Orozco,fl:se_ln:orozco-1,
Teodoro Ortiz Michel,fl:te_ln:michel-2,
Victor Adrian Sosa Herrera,fl:vi_ln:sosaherrera-1,
Victor Palacios Rivera,fl:vi_ln:palaciosrivera-1,
Victoria Juárez,fl:vi_ln:juarez-1,
Violeta Yázmin Mena Cervantes,fl:vi_ln:menacervantes-1,
Virginia Ortega Conde,fl:vi_ln:ortegaconde-1,
Viviano Almonte,fl:vi_ln:almonte-1,
Vladimir Cano Rodriguez,fl:vl_ln:rodriguez-1,
Wesley Mendez Ramirez,fl:we_ln:ramirez-1,
William Martinez Cortes,fl:wi_ln:martinezcortes-1,
Adolfo Mendez Morales,fl:ad_ln:mendezmorales-1,
Agustin Portillo Mercado,fl:ag_ln:mercado-1,
Albert Aguilar,fl:al_ln:aguilar-8,
Alberto Alcocer Ochoa,fl:al_ln:alcocerochoa-1,
Alberto José Pulido Sanchez,fl:al_ln:pulidosanchez-1,
Alfonso González Montiel,fl:al_ln:gonzalezmontiel-1,
Alfonso Medellin,fl:al_ln:medellin-1,
Andrea RODRIGUEZ HERNANDEZ,fl:an_ln:rodriguezhernandez-1,
Annita Tomko,fl:an_ln:tomko-1,
Ari Syrquin Jamson,fl:ar_ln:jamson-1,
Arturo Echanove Hernandez,fl:ar_ln:hernandez-4,
Arturo Garcia,fl:ar_ln:garcia-6,
Arturo Maceda,fl:ar_ln:maceda-1,
Arturo Villalobos Lopez,fl:ar_ln:villaloboslopez-1,
Benito Alvarez,fl:be_ln:alvarez-4,
Carla Cristina Gonzalez Salitrero,fl:ca_ln:salitrero-1,
Carlos Arroyo,fl:ca_ln:arroyo-4,
Carlos Gottfried,fl:ca_ln:gottfried-1,
Carlos Manuel Urzua Hernandez,fl:ca_ln:urzuahernandez-1,
Carlos Ornelas,fl:ca_ln:ornelas-1,
Carlos Vonderwalde Freidberg,fl:ca_ln:freidberg-1,
Carmen Frida Vargas Garcia,fl:ca_ln:vargasgarcia-1,
Daniel Chapa,fl:da_ln:chapa-1,
Daniel Joseph,,
Daniel Joseph Hernandez,fl:da_ln:hernandez-5,
David Castro Duran,fl:da_ln:castroduran-1,
David Morales,fl:da_ln:morales-4,
David Villarreal,fl:da_ln:villarreal-3,
Diego Javier Guzman Lucero,fl:di_ln:guzmanlucero-1,
Edgar Borrayo,fl:ed_ln:borrayo-1,
Edgar Javier Ortega Garcia,fl:ed_ln:ortegagarcia-1,
Eduardo Alva Sanchez,fl:ed_ln:sanchez-5,
Emilio Sacristan,fl:em_ln:sacristan-2,
Emilio Sacristan Rock,fl:em_ln:rock-1,
Enrique Cevada Maya,fl:en_ln:cevadamaya-1,
Enrique Delgado Macias,fl:en_ln:macias-1,
Eric Bryan Arellano Aguilar,fl:er_ln:arellanoaguilar-1,
Ernesto Arias Del Campo,fl:er_ln:ariasdelcampo-1,
Esteban Sandoval Camacho,fl:es_ln:sandovalcamacho-1,
Felix Cruz,fl:fe_ln:cruz-5,
Fernando Villavicencio,fl:fe_ln:villavicencio-1,
Francisco Javier Hernández Beltrán,fl:fr_ln:hernandezbeltran-1,
Francisco Javier Lujan,fl:fr_ln:lujan-1,
Francisco Ronquillo Melendez,fl:fr_ln:ronquillomelendez-1,
Franghie Rubio Khalil,fl:fr_ln:khalil-1,
Genaro Casas Jassan,fl:ge_ln:jassan-1,
Gerardo Gomez Soto,fl:ge_ln:soto-1,
Gerardo Plata Contreras,fl:ge_ln:contreras-1,
Gerardo Rodriguez Najera,fl:ge_ln:rodrigueznajera-1,
Gerardo Zavala Olivares,fl:ge_ln:zavalaolivares-1,
Grant M. Myers,fl:gr_ln:myers-1,
Guillermo Alanis,fl:gu_ln:alanis-1,
Guillermo Castano,fl:gu_ln:castano-1,
Gustavo Morales Cabrera,fl:gu_ln:moralescabrera-1,
Hector Alberto Mendoza Saldivar,fl:he_ln:mendozasaldivar-1,
Henry PENA,fl:he_ln:pena-2,
Herbert Scheffler-Hudlet,fl:he_ln:schefflerhudlet-1,
Isidro MEJIA CENTENO,fl:is_ln:mejiacenteno-1,
Israel Cruz Ruiz,fl:is_ln:ruiz-2,
Jamil Nacif Benavides,fl:ja_ln:nacifbenavides-1,
Jan Crommen,fl:ja_ln:crommen-1,
Javier Gomez,fl:ja_ln:gomez-7,
Jerónimo R. Villarreal Rios,fl:je_ln:villarrealrios-1,
JÉSSICA GALARZA MACÍAS,,
Jorge Angulo Givaudan,fl:jo_ln:givaudan-1,
Jorge Araujo Nieto,fl:jo_ln:araujonieto-1,
Jorge Cervantes Guadarrama,fl:jo_ln:cervantesguadarrama-1,
Jorge D. Berrun-Castanon,fl:jo_ln:berruncastanon-1,
Jorge De La Fuente-Farias,fl:jo_ln:delafuentefarias-2,
Jorge Francisco Ramírez Pérez,fl:jo_ln:ramirezperez-1,
Jorge Morales,fl:jo_ln:morales-18,
Jorge Richard Angulo,fl:jo_ln:angulo-1,
Jorge Sanchez-Gonzalez,fl:jo_ln:sanchezgonzalez-1,
Jose A. Gutierrez,fl:jo_ln:gutierrez-12,
Jose Adalberto Teran Matus,fl:jo_ln:matus-2,
José Angel Avalos-Barcenas,fl:jo_ln:avalosbarcenas-2,
Jose Angel Vilchis Dominguez,fl:jo_ln:dominguez-3,
Jose Arturo Lona Santoyo,fl:jo_ln:lonasantoyo-1,
Jose Cherem Haber,fl:jo_ln:haber-2,
Jose Fernandez,fl:jo_ln:fernandez-49,
José Luis Mendoza De La Cruz,fl:jo_ln:mendozadelacruz-1,
Jose Macias Galarza,fl:jo_ln:maciasgalarza-1,
Jose Oliva,fl:jo_ln:oliva-4,
Jose Osawa Diaz,fl:jo_ln:diaz-15,
Jose Puente,fl:jo_ln:puente-6,
Jose Rodriguez,fl:jo_ln:rodriguez-29,
Juan C. Lozano,fl:ju_ln:lozano-4,
Juan Celada-Gonzalez,fl:ju_ln:celadagonzalez-1,
Juan Manuel Avalos Vega,fl:ju_ln:avalosvega-1,
Julio Cesar Amador Burgoa,fl:ju_ln:burgoa-1,
Karla Morena Guajardo Gonzalez,fl:ka_ln:gonzalez-3,
Kristian Ulyses Flores Aviña,fl:kr_ln:floresavina-1,
Luis A. A. M. Garza,fl:lu_ln:garza-2,
Luis Antonio Hernandez Ortega,fl:lu_ln:hernandezortega-1,
Luis E. Bartol,fl:lu_ln:bartol-1,
Luis Fernando Talavera Abdala,fl:lu_ln:abdala-1,
Luis Gutierrez,fl:lu_ln:gutierrez-6,
LUIS HUMBERTO SÁNCHEZ CABRAL,fl:lu_ln:sanchezcabral-1,
Luis Jesus Chavela Guerra,fl:lu_ln:chavelaguerra-1,
Luis Manuel Garcia,fl:lu_ln:garcia-5,
Luis Miguel Del Pozo Gonzalez,fl:lu_ln:delpozogonzalez-1,
Luis Sanchez Cabral,fl:lu_ln:sanchezcabral-1,
Luis Villasenor,fl:lu_ln:villasenor-1,
Marcelo Enrique Ruiz,fl:ma_ln:ruiz-6,
Marcelo Fernandez,fl:ma_ln:fernandez-38,
Maria Alejandra Noble Colin,fl:ma_ln:noblecolin-1,
Maria del Carmen Martinez Guerrero,fl:ma_ln:martinezguerrero-1,
Maria Elisa Alonso Vilatela,fl:ma_ln:vilatela-1,
Martin Lopez,fl:ma_ln:lopez-33,
Mauricio Coronado,fl:ma_ln:coronado-1,
Miguel Angel Duarte-Vazquez,fl:mi_ln:duartevazquez-1,
Miguel Angel Gomez Angulo,fl:mi_ln:gomezangulo-1,
Miguel Gutierrez,fl:mi_ln:gutierrez-2,
Miguel I. Avila,fl:mi_ln:avila-4,
Miguel Soto,fl:mi_ln:soto-2,
Mohamed Zouhaier Ramadhane,fl:mo_ln:ramadhane-1,
Omar Carrillo Mendoza,fl:om_ln:carrillomendoza-1,
Omar Fernando Carrillo Fernandez,fl:om_ln:carrillofernandez-1,
Oscar Lopez-Torres,fl:os_ln:lopeztorres-1,
Oswaldo Enrique Linares Rivas,fl:os_ln:linaresrivas-1,
Pablo Castellanos Macin,fl:pa_ln:castellanosmacin-1,
Patricia Rayo Mayoral,fl:pa_ln:rayomayoral-1,
Paulo Lopez Meyer,fl:pa_ln:lopezmeyer-1,
Persi Schacht Hernandez,fl:pe_ln:schachthernandez-1,
Rafael Guillermo Ramos Elizondo,fl:ra_ln:elizondo-2,
Rafael Jorge Rojas-Cortes,fl:ra_ln:rojascortes-1,
Rafael Martinez,fl:ra_ln:martinez-7,
Ramiro Ramirez,fl:ra_ln:ramirez-2,
Raul Gerardo Quintero-Flores,fl:ra_ln:quinteroflores-1,
Raúl Oviedo Roa,fl:ra_ln:oviedoroa-1,
Raymundo Juan Lien Chang,fl:ra_ln:juanlienchang-1,
Renan J. Ugalde Amezcua,fl:re_ln:ugaldeamezcua-1,
Reyna Reyes Martinez,fl:re_ln:reyesmartinez-2,
Ricardo Garcia,fl:ri_ln:garcia-20,
Roberto Cabrera Botello,fl:ro_ln:botello-1,
Roberto Carrillo Fuentevilla,fl:ro_ln:carrillofuentevilla-1,
Rocio Chavez,fl:ro_ln:chavez-7,
Rocio Diaz,fl:ro_ln:diaz-16,
Rodolfo Juventino MORA VALLEJO,fl:ro_ln:moravallejo-1,
Rodrigo Felix,fl:ro_ln:felix-7,
RODRIGO FELIX HERNANDEZ,,
Sahira Villalobos Gonzalez,fl:sa_ln:gonzalez-1,
Sanjuana Garza-de La Garza,fl:sa_ln:garzadelagarza-1,
Sebastien Beaulac,fl:se_ln:beaulac-1,
Sergio Francisco Cazares Mendez,fl:se_ln:cazaresmendez-1,
Sergio Gonzalez Granados,fl:se_ln:gonzalezgranados-1,
Sheldon A. K. Lewis,fl:sh_ln:lewis-2,
Stephan Ronicke,fl:st_ln:ronicke-1,
Trevor N. Mustoe,fl:tr_ln:mustoe-2,
Victor Osornio,fl:vi_ln:osornio-1,
WALTER JAKOB GARCÍA UBBELOHDE,fl:wa_ln:garciaubbelohde-2,
Yosadara Ruiz Morales,fl:yo_ln:ruizmorales-1,
Abraham Cazes,fl:ab_ln:cazes-1,
Alejandro Gerardo Veyna Hernandez,fl:al_ln:hernandez-6,
Alexis C. Weber,fl:al_ln:weber-18,
Alfonso Hickman Guevara,fl:al_ln:hickmanguevara-1,
Alfonso Perez Sanchez,fl:al_ln:sanchez-4,
Alfredo Cuevas Morales,fl:al_ln:morales-2,
Alma Rosa Vazquez Gastellú,fl:al_ln:vazquezgastellu-1,
Antonio Mendez,fl:an_ln:mendez-3,
Arturo Alberto Garcia Ramirez,fl:ar_ln:garciaramirez-1,
Bernardo Baran,fl:be_ln:baran-1,
Carlos Alberto Caballero De Ita,fl:ca_ln:caballerodeita-1,
Carlos Arroyo Gonzalez,fl:ca_ln:arroyogonzalez-1,
Celsa Mora Curiel,fl:ce_ln:moracuriel-1,
Claudia Santillan Figueroa,fl:cl_ln:figueroa-1,
Dan Nurko Elliot,fl:da_ln:elliot-3,
Daniel Esqueda,fl:da_ln:esqueda-1,
Daniel Francisco Gomez Romo,fl:da_ln:gomezromo-1,
Daniel Schmitz,fl:da_ln:schmitz-2,
David Franco Lopez Rubio,fl:da_ln:lopezrubio-1,
Diego Adrian Villarreal,fl:di_ln:villarreal-1,
Edgardo Fabricio Ortiz Hernandez,fl:ed_ln:ortizhernandez-1,
Eduardo Valentin Arellano Guerra,fl:ed_ln:arellanoguerra-1,
Emilio Fuentes,fl:em_ln:fuentes-1,
Enrique Lopez Hernandez,fl:en_ln:lopezhernandez-1,
Fabiola Maria Teresa Torres Sanchez,fl:fa_ln:torressanchez-1,
Federico Jesus Jimenez Cruz,fl:fe_ln:jimenezcruz-1,
Federico Perez Lecuona,fl:fe_ln:perezlecuona-1,
Fernando Flores,fl:fe_ln:flores-3,
Francisco Javier Villanueva,fl:fr_ln:villanueva-2,
Gerardo Rodriguez Garay,fl:ge_ln:rodriguezgaray-1,
Guillermo Centeno Nolasco,fl:gu_ln:centenonolasco-1,
Gustavo Jesus Marroquin Sanchez,fl:gu_ln:marroquinsanchez-1,
Hernan Gutierrez,fl:he_ln:gutierrez-5,
Humberto Memetla Martinez,fl:hu_ln:memetlamartinez-1,
Humberto Moreno,fl:hu_ln:moreno-1,
Irving Hernandez,fl:ir_ln:hernandez-2,
Ivan Fernandez,fl:iv_ln:fernandez-1,
Jacob Froese Guenther,fl:ja_ln:guenther-7,
Jacob Neufeld,fl:ja_ln:neufeld-2,
James H. Siwicke,fl:ja_ln:siwicke-1,
Javier Pena,fl:ja_ln:pena-2,
Jesus Alejandro Pena Casimiro,fl:je_ln:penacasimiro-1,
Jesus Ernesto Meza,fl:je_ln:meza-1,
Jesús Manuel Martinez Martinez,fl:je_ln:martinezmartinez-1,
Jetzabeth RAMIREZ SABAG,fl:je_ln:ramirezsabag-1,
Joaquin Alverde Trejo,fl:jo_ln:trejo-4,
Joaquin Hernandez Diaz,fl:jo_ln:diaz-1,
Jonathan Tovar Balderas,fl:jo_ln:balderas-2,
Jorge Bello,fl:jo_ln:bello-4,
Jorge F. Paniagua-Solís,fl:jo_ln:paniaguasolis-2,
José Antonio Fosado Rodríguez,fl:jo_ln:fosadorodriguez-1,
José Antonio Rodriguez Hernández,fl:jo_ln:hernandez-17,
José Cabello-Fuentes,fl:jo_ln:cabellofuentes-1,
Jose Escobar Aguilar,fl:jo_ln:escobaraguilar-1,
Jose Jaime Elizarraras,fl:jo_ln:elizarraras-1,
Jose Jesus Reyes Soto,fl:jo_ln:soto-14,
José Ricardo Peña Zapata,fl:jo_ln:penazapata-1,
Jose Salinas,fl:jo_ln:salinas-7,
José Torre,fl:jo_ln:torre-2,
Jose-Odon Torres-Quiroga,fl:jo_ln:torresquiroga-1,
Juan Carlos Casarrubias,fl:ju_ln:casarrubias-1,
Juan Carlos Ortiz,fl:ju_ln:ortiz-4,
Juan Francisco Garcia Cendejas,fl:ju_ln:garciacendejas-1,
Juan Jose Wong,fl:ju_ln:wong-1,
Juan M. Quintana,fl:ju_ln:quintana-4,
Juan Manuel A. Vega,fl:ju_ln:vega-5,
Juan Pablo Senosiain Peláez,fl:ju_ln:senosiainpelaez-1,
Juan Pedro Baca Sánchez,fl:ju_ln:bacasanchez-1,
Karen Manucharyan,fl:ka_ln:manucharyan-1,
Lorena Alvarez Contreras,fl:lo_ln:alvarezcontreras-1,
Luis Manuel Sanchez Aguilar,fl:lu_ln:sanchezaguilar-1,
Luis Rafael Herrera-Estrella,fl:lu_ln:herreraestrella-1,
Luis Rodolfo Arevalo Pliego,fl:lu_ln:arevalopliego-2,
Manuel Escamilla,fl:ma_ln:escamilla-2,
Mario-David Torres-Cardona,fl:ma_ln:torrescardona-1,
Miguel Rivas,fl:mi_ln:rivas-2,
Narciso Delgado Guevara,fl:na_ln:delgadoguevara-1,
Neyda Eliza Leon Lopez,fl:ne_ln:leonlopez-2,
Oscar Garza-Ondarza,fl:os_ln:garzaondarza-1,
Osiris Mendoza Reyes,fl:os_ln:reyes-1,
Pedro E. Hernandez,fl:pe_ln:hernandez-2,
Ramón Naranjo-Tackman,fl:ra_ln:naranjotackman-1,
Ricardo Flores-Lira,fl:ri_ln:floreslira-1,
Salvador Castillo Cervantes,fl:sa_ln:castillocervantes-1,
Santiago Alonso Plata Amarillas,fl:sa_ln:plataamarillas-1,
Santiago Manuel Parra Becerra,fl:sa_ln:parrabecerra-1,
Sergio Alberto Moctezuma Espiricueto,fl:se_ln:moctezumaespiricueto-2,
Sergio Antonio Delon Canseco,fl:se_ln:deloncanseco-1,
Terence Sean Yoo,fl:te_ln:yoo-1,
Victoriano Zamora LEDEZMA,fl:vi_ln:zamora-1,
Adrian Sada-Trevino,fl:ad_ln:sadatrevino-1,
Alejandro Barrera Torres,fl:al_ln:torres-24,
Alejandro Hernandez Covarrubias,fl:al_ln:hernandezcovarrubias-1,
Aristeo Estrada Buendia,fl:ar_ln:estradabuendia-1,
Arturo Garcia Solis,fl:ar_ln:garciasolis-1,
Aurelio De Gyves,fl:au_ln:degyves-1,
Carlos A. Urquidi,fl:ca_ln:urquidi-1,
CARLOS ARMANDO URQUIDI ALMODÓVAR,,
Carlos Fabian NAVA,fl:ca_ln:nava-1,
Carlos Paul Gonzalez Inda,fl:ca_ln:gonzalezinda-1,
Carolina Henonin,fl:ca_ln:henonin-1,
Cesar Garcia,fl:ce_ln:garcia-4,
David Aarón Nieto Álvarez,fl:da_ln:nietoalvarez-1,
David Mondragon,fl:da_ln:mondragon-1,
Eduardo Garcia,fl:ed_ln:garcia-13,
Erick Emanuel Luna Rojero,fl:er_ln:lunarojero-1,
Ernesto Castro,fl:er_ln:castro-1,
Feliciano Guillen,fl:fe_ln:guillen-1,
Fernando Humberto Mercenari Uribe,fl:fe_ln:mercenariuribe-1,
Gordon Thomas Quattlebaum,fl:go_ln:quattlebaum-1,
Gustavo Garcia,fl:gu_ln:garcia-6,
Hector ARMENDARIZ HERRERA,fl:he_ln:armendarizherrera-1,
Hector Mendoza-Orozco,fl:he_ln:mendozaorozco-2,
Israel Cruz,fl:is_ln:cruz-3,
Jamil Nacif Benavides,fl:ja_ln:nacifbenavides-1,
Javier Canales,fl:ja_ln:canales-1,
Jesus Gabriel Trillo Vargas,fl:je_ln:trillovargas-1,
Jorge Arturo Aburto Anell,fl:jo_ln:aburtoanell-1,
Jorge Becerra,fl:jo_ln:becerra-1,
Jorge Mario Rochin Machado,fl:jo_ln:rochinmachado-2,
Jose Eleazar Zuniga-Juarez,fl:jo_ln:zunigajuarez-1,
José Gertrudis Bocanegra Rojas,fl:jo_ln:bocanegrarojas-1,
José Manuel Martínez Magadan,fl:jo_ln:martinezmagadan-1,
Juan Angeles,fl:ju_ln:angeles-1,
Juan Angeles,fl:ju_ln:angeles-1,
Lawrence S. Maccherone,fl:la_ln:maccherone-2,
Luis Ernesto Quiroz de la Mora,fl:lu_ln:quirozdelamora-1,
Makoto Fukubayashi,fl:ma_ln:fukubayashi-1,
Marcelino Hernandez,fl:ma_ln:hernandez-48,
Marco Antonio Dominguez Aguilar,fl:ma_ln:dominguezaguilar-1,
Maria Benita Leonor Fernandez Salgado,fl:ma_ln:salgado-1,
Maria de Lourdes Mosqueira Mondragon,fl:ma_ln:mosqueiramondragon-1,
Maurizio Francesco Pasqual,fl:ma_ln:pasqual-1,
Miguel Gutierrez,fl:mi_ln:gutierrez-2,
Mirna Pons Jiménez,fl:mi_ln:ponsjimenez-1,
Norberto Hector Perales Solis,fl:no_ln:solis-1,
Omar Rangel Alvarez,fl:om_ln:alvarez-1,
Oscar Bautista Cid,fl:os_ln:bautistacid-1,
Pierpaolo Campeol,fl:pi_ln:campeol-1,
Ramses Galaz Mendez,fl:ra_ln:galazmendez-1,
Raul Ezequiel Alvarez Ruiz,fl:ra_ln:alvarezruiz-1,
Raul Ezequiel Alvarez Ruiz,fl:ra_ln:alvarezruiz-1,
Ricardo Ceballos-Godefroy,fl:ri_ln:ceballosgodefroy-2,
Ricardo Daniel Sanchez Lugo,fl:ri_ln:sanchezlugo-1,
Robert R. Blake,fl:ro_ln:blake-9,
Roberto Guzman,fl:ro_ln:guzman-2,
Rodrigo Lobeira Massu,fl:ro_ln:lobeiramassu-1,
Ronald Victor Manuel Lopez-Gomez,fl:ro_ln:lopezgomez-1,
Sebastian V. R. Mastrangelo,fl:se_ln:mastrangelo-1,
Sergio Alberto Vega Velazquez,fl:se_ln:vegavelazquez-1,
Simón López Ramírez,fl:si_ln:lopezramirez-2,
Suraj Shinde,fl:su_ln:shinde-7,
Victor Gerardo Caloca Galindo,fl:vi_ln:galindo-1,
Victor Ocegueda,fl:vi_ln:ocegueda-1,
Aarón Fernando González Córdova,fl:aa_ln:gonzalezcordova-1,
Adrian Cesar Cavazos Sepulveda,fl:ad_ln:cavazossepulveda-1,
ALDO RAMIREZ SETIEN,fl:jo_ln:ramirez-14,José Aldo Ramirez
Cesar A. Gonzalez,fl:ce_ln:gonzalez-3,
Cesar Sanchez,fl:ce_ln:sanchez-3,
David Apolinar Guerra Zubiaga,fl:da_ln:guerrazubiaga-1,
Eduardo Buenrostro Gonzalez,fl:ed_ln:buenrostrogonzalez-1,
Elmer Mariano Juarez,fl:el_ln:juarez-1,
Enrique Barragan,fl:en_ln:barragan-1,
ENRIQUE REMES ZURITA,fl:en_ln:remes-1,
Feliciano Sanchez-Sinencio,fl:fe_ln:sanchezsinencio-1,
Fernando Martinez-Bustos,fl:fe_ln:martinezbustos-1,
Francois Xavier Dubost,fl:fr_ln:dubost-1,
Gerardo Sagaon,fl:ge_ln:sagaon-1,
Gilberto P. Paz,fl:gi_ln:paz-1,
Gustavo M. Gaxiola,fl:gu_ln:gaxiola-1,
Hayato Arai,fl:ha_ln:arai-6,
Hector Sanchez,fl:he_ln:sanchez-7,
Ivan Aguilar,fl:iv_ln:aguilar-1,
Jesus Adan Cruz Vargas,fl:je_ln:cruzvargas-1,
Joaquin Beas Bujanos,fl:jo_ln:beasbujanos-1,
JOSÉ ADÁN ÁVALOS SOLÓRZANO,fl:jo_ln:avalos-2,
Jose Aldo Ramirez,fl:jo_ln:ramirez-14,
Jose Javier Tovar Pescador,fl:jo_ln:tovarpescador-1,
Juan A. Martinez,fl:ju_ln:martinez-15,
Juan Miguel Gonzalez Covarrubias,fl:ju_ln:gonzalezcovarrubias-1,
Julio Cesar Ayala Vera,fl:ju_ln:vera-7,
Laura Vázquez Cervantes,fl:la_ln:vazquezcervantes-1,
Leonardo Alonso Huitron Rodríguez,fl:le_ln:huitron-1,
Luis Lopez Moreno,fl:lu_ln:lopezmoreno-1,
Marco Aurelio Flores-Verdugo,fl:ma_ln:floresverdugo-1,
MARCOS JAVIER RIOS ACEBAL,fl:ma_ln:riosacebal-1,
Maria Alejandra Noble Colin,fl:ma_ln:noblecolin-1,
Maria de Lourdes Alejandra GUZMAN CASTILLO,fl:ma_ln:guzmancastillo-1,
Mario Herrera,fl:ma_ln:herrera-8,
Mauricio Diaz,fl:ma_ln:diaz-21,
Maximo Arturo Gayoso Sanchez,fl:ma_ln:gayoso-1,
Pedro Alfonso Luchsinger Duhalde,fl:pe_ln:luchsinger-1,
Pedro W. Luchsinger,fl:pe_ln:luchsinger-1,
Ricardo Benavides Pérez,fl:ri_ln:benavidesperez-2,
Rodolfo Cisneros Devora,fl:ro_ln:cisnerosdevora-1,
Sami Mumtaz,fl:sa_ln:mumtaz-2,
Victor Medina,fl:vi_ln:medina-3,
Victor Tijerina Ramos,fl:vi_ln:tijerinaramos-1,
Walid Kuri-Harcuch,fl:wa_ln:kuriharcuch-1,
Wilfried Van Moorleghem,fl:wi_ln:vanmoorleghem-1,
Alfonso Javier Barragán Treviño,fl:al_ln:barragantrevino-1,
Ana Patricia Del Angel,fl:an_ln:delangel-1,
Arie Jusidman,fl:ar_ln:jusidman-1,
Arturo A. Ortiz Rivas,fl:ar_ln:rivas-2,
Belinda Vallejo Galland,fl:be_ln:vallejogalland-1,
Brian E. Attwood,fl:br_ln:attwood-2,
Carlos Angeles Chavez,fl:ca_ln:angeleschavez-1,
Carlos Gonzalez Inda,fl:ca_ln:inda-1,
Cecilia Hernandez,fl:ce_ln:hernandez-5,
David Gomez Gutierrez,fl:da_ln:gomezgutierrez-1,
Eugenio Zendejas-Martinez,fl:eu_ln:zendejasmartinez-2,
Fernando Gonzalez,fl:fe_ln:gonzalez-9,
Francisco Velasco,fl:fr_ln:velasco-2,
Gerardo Ferrat Torres,fl:ge_ln:ferrattorres-1,
Guillermo M. Ruiz-Palacios,fl:gu_ln:ruizpalacios-1,
Jaime SANCHEZ VALENTE,fl:ja_ln:sanchezvalente-2,
Javier Rodriguez,fl:ja_ln:rodriguez-13,
Jesus Edgar Dominguez Cuevas,fl:je_ln:dominguezcuevas-1,
Jesus Garcia,fl:je_ln:garcia-29,
John-Claude Savoir,fl:jo_ln:savoir-2,
Jorge Adolfo Miranda Nieto,fl:jo_ln:mirandanieto-1,
José Eulalio Contreras De Leon,fl:jo_ln:contrerasdeleon-1,
Jose G. Ruiz Juarez,fl:jo_ln:ruizjuarez-1,
Jose Gonzalo Hernandez Cortez,fl:jo_ln:hernandezcortez-1,
José Guadalupe Ruiz Juarez,fl:jo_ln:ruizjuarez-1,
Jose L Almaraz,fl:jo_ln:almaraz-1,
Jose Madrigal,fl:jo_ln:madrigal-1,
Kazuyuki Okamoto,fl:ka_ln:okamoto-22,
Luis Enrique Castillo Jaime,fl:lu_ln:castillojaime-1,
Luis Felipe Blas Martinez,fl:lu_ln:blasmartinez-1,
Maria Antonia Cortes Jacome,fl:ma_ln:cortesjacome-1,
Maria Fernanda Medina Luna,fl:ma_ln:medinaluna-1,
Mario Héctor Gottfried Gutiérrez,fl:ma_ln:gottfried-2,
Maximiano Francisco Ruiz-Torres,,
Maximiano Ruiz-Torres,fl:ma_ln:ruiztorres-1,
Moises Sheinberg Frenkel,fl:mo_ln:frenkel-2,
Omar Antonio Ramirez Pavon,fl:om_ln:ramirezpavon-1,
Pedro Wirz Luchsinger,fl:pe_ln:wirzluchsinger-1,
Rafael Martinez Palou,fl:ra_ln:martinezpalou-1,
Raul Enriquez Shibayama,fl:ra_ln:enriquezshibayama-2,
Victor Gerardo Caloca Galindo,fl:vi_ln:galindo-1,
Adrian Romero Regalado,fl:ad_ln:romeroregalado-1,
Alejandro Ramírez Estrada,fl:al_ln:ramirezestrada-1,
Carlos Garnier Ortiz,fl:ca_ln:ortiz-1,
Carlos Jose Avalos Sartorio,fl:ca_ln:avalossartorio-1,
Carolina Garcia Delgado,fl:ca_ln:garciadelgado-1,
Charles E. Busse,fl:ch_ln:busse-4,
Erhard Herrmann,fl:er_ln:herrmann-4,
Gustavo M. Guillemin,fl:gu_ln:guillemin-1,
Hiram Isaac Beltran Conde,fl:hi_ln:beltranconde-2,
Humberto Flores-Villarreal,fl:hu_ln:floresvillarreal-1,
John Stuart Fleming,fl:jo_ln:fleming-14,
Jonatan Leff Yaffe,fl:jo_ln:leffyaffe-1,
Jorge Rodriguez Alcazar,fl:jo_ln:alcazar-2,
Jose Alvarez,fl:jo_ln:alvarez-27,
Jóse Carlos Rodríguez Figueroa,fl:jo_ln:rodriguezfigueroa-1,
Jose Manuel Dominguez Esquivel,fl:jo_ln:dominguezesquivel-1,
Jose Quezada,fl:jo_ln:quezada-1,
Juan Antonio Villarreal Trevino,fl:ju_ln:villarrealtrevino-1,
Juan Garcia Martinez,fl:ju_ln:martinez-8,
Luis Fernando Cabrera y Lopez Caram,fl:lu_ln:cabreraylopezcaram-1,
Miguel Angel Leon Guerrero,fl:mi_ln:leonguerrero-1,
Miguel Jose Avalos Sartorio,fl:mi_ln:avalossartorio-1,
Patricia Marquez,fl:pa_ln:marquez-1,
Víctor Mario Leal Herrera,fl:vi_ln:lealherrera-1,
Victor Tijerina-Ramos,fl:vi_ln:tijerinaramos-2,
Xuan Nguyen-Dinh,fl:xu_ln:nguyendinh-1,
Arquimedes Godoy,fl:ar_ln:godoy-2,
Arturo Ramos,fl:ar_ln:ramos-5,
David Delgado,fl:da_ln:delgado-2,
Erick A. Rodriguez,fl:er_ln:rodriguez-1,
Esteban Lopez Salinas,fl:es_ln:lopezsalinas-2,
Fernando Perez-Cabrera,fl:fe_ln:perezcabrera-1,
Francisco Perez,fl:fr_ln:perez-3,
Hector Portillo,fl:he_ln:portillo-1,
Hugo Fortin,fl:hu_ln:fortin-1,
Israel Velazquez,fl:is_ln:velazquez-1,
Jose Antonio Toledo Antonio,fl:jo_ln:toledoantonio-1,
José Guadalupe Cid-Aguilar,fl:jo_ln:cidaguilar-2,
Jose Sierra,fl:jo_ln:sierra-1,
Luis Angel Ramirez Ortiz,fl:lu_ln:ortiz-3,
Luis Bernardo De La Rosa,fl:lu_ln:delarosa-2,
Mario Aguilar,fl:ma_ln:aguilar-6,
Raul Daniel Flores Aguirre,fl:ra_ln:floresaguirre-1,
Roberto Marcos Cabrera-Llanos,fl:ro_ln:cabrerallanos-1,
Rodrigo Lopez,fl:ro_ln:lopez-2,
Agueda M. H. Magro,fl:ag_ln:magro-2,
Amilcar Alzaga,fl:am_ln:alzaga-1,
Angel Alvarez,fl:an_ln:alvarez-3,
Carlos Tostado,fl:ca_ln:tostado-1,
Conrado Carrillo Castillo,fl:co_ln:carrillo-2,
Fernando Paisano Rodriguez,fl:fe_ln:paisanorodriguez-1,
Francisco Javier Septien Prieto,fl:fr_ln:septienprieto-1,
Francisco Javier Vazquez,fl:fr_ln:vazquez-4,
Gerardo Escobar,fl:ge_ln:escobar-2,
Harold W. Seeds,fl:ha_ln:seeds-1,
Jose Alfredo Peregrina Loera,fl:jo_ln:peregrinaloera-1,
Luis Lopez Moreno,fl:lu_ln:lopezmoreno-1,
Manuel Gutierrez,fl:ma_ln:gutierrez-17,
Santos Burrola,fl:sa_ln:burrola-1,
Takafumi Uehara,fl:ta_ln:uehara-25,
Alfredo Fayard,fl:al_ln:fayard-1,
Alvaro Jimenez Hernandez,fl:al_ln:jimenezhernandez-2,
Arquimedes ESTRADA MARTINEZ,fl:ar_ln:estradamartinez-2,
Arturo S. Valencia Sil,fl:ar_ln:valenciasil-1,
Eduardo Arturo Aguilar Ruelas,fl:ed_ln:aguilarruelas-1,
Jaime Vasquez,fl:ja_ln:vasquez-2,
Jesus R. Morales,fl:je_ln:morales-2,
Jorge Ancheyta Juarez,fl:jo_ln:ancheytajuarez-1,
Jorge Manuel Maquita Nakano,fl:jo_ln:maquitanakano-1,
Jorge Sada,fl:jo_ln:sada-1,
Juan Martin Mendez Padilla,fl:ju_ln:mendezpadilla-1,
Laura Veronica Castro Sotelo,fl:la_ln:castrosotelo-1,
Manuel Alejandro Lopez Sanchez,fl:ma_ln:lopezsanchez-2,
Pedro Gonzalez,fl:pe_ln:gonzalez-4,
Alberto G. Domenge,fl:al_ln:domenge-1,
Alfonso LOPEZ ORTEGA,fl:al_ln:lopezortega-1,
Antonio Palacios,fl:an_ln:palacios-2,
Arturo Solis Herrera,fl:ar_ln:solisherrera-1,
Carl Wimmer,fl:ca_ln:wimmer-1,
Diego Santillan Gutierrez,fl:di_ln:santillangutierrez-1,
Gustavo Rodriguez,fl:gu_ln:rodriguez-6,
Jorge O. Becerra-Novoa,fl:jo_ln:becerranovoa-2,
Jose A. Garcia,fl:jo_ln:garcia-53,
José Agustín Rogelio Magaña Castro,fl:jo_ln:maganacastro-1,
Jose Perez,fl:jo_ln:perez-28,
Victor Fajardo,fl:vi_ln:fajardo-2,
Agueda Martinez Hernandez Magro,fl:ag_ln:martinezhernandezmagro-1,
Diego Fabricio Villacres Mesias,fl:di_ln:villacresmesias-1,
Eduardo Estrada,fl:ed_ln:estrada-3,
Fernando J. Ramirez,fl:fe_ln:ramirez-1,
Jose Luis Hernandez,fl:jo_ln:hernandez-13,
Juan Arroyo,fl:ju_ln:arroyo-1,
Luca D. Farioli Brioschi,fl:lu_ln:fariolibrioschi-1,
Luis V. Ramirez Chaidez,fl:lu_ln:ramirezchaidez-1,
Patrick Burgess,fl:pa_ln:burgess-4,
Ricardo Gonzalez,fl:ri_ln:gonzalez-16,
Alfredo Martinez,fl:al_ln:martinez-17,
Cesar Andres Flores Sandoval,fl:ce_ln:floressandoval-1,
Daniel Vogel Fernandez de Castro,fl:da_ln:vogelfernandezdecastro-1,
Guadalupe Garcia,fl:gu_ln:garcia-19,
Gustavo Cano,fl:gu_ln:cano-1,
Jose-Filonel Tawag Mendoza,fl:jo_ln:mendoza-26,
Juan Socorro Armendáriz Borunda,fl:ju_ln:armendarizborunda-1,
Marcelo Lozada y Cassou,fl:ma_ln:lozadaycassou-1,
Meir Gershenson,fl:me_ln:gershenson-1,
Michael F. Plass,fl:mi_ln:plass-1,
Raul Mario Saucedo,fl:ra_ln:saucedo-1,
Ricardo Viramontes-Brown,fl:ri_ln:viramontesbrown-1,
Roberto Contreras,fl:ro_ln:contreras-7,
Alonso Gonzalez Rodriguez,fl:al_ln:rodriguez-37,
Delfino Hernandez,fl:de_ln:hernandez-3,
Eugenio Alejandro Flores Oropeza,fl:eu_ln:floresoropeza-1,
Toru Yamakawa,fl:to_ln:yamakawa-5,
Rodrigo Aldana Lopez,fl:ro_ln:aldanalopez-1,
Violeta Yasmin Mena Cervantes,fl:vi_ln:menacervantes-2,
Alpha Edith Jasso Gomez,fl:al_ln:jassogomez-1,
Francisco Gomez,fl:fr_ln:gomez-6,
Hongbo Liu,fl:ho_ln:liu-78,
Jose A. Diaz,fl:jo_ln:diaz-12,
Leobardo Campos Macias,fl:le_ln:camposmacias-1,
Paul Llamas Virgen,fl:pa_ln:llamasvirgen-1,
Arturo Lazcano-Navarro,fl:ar_ln:lazcanonavarro-1,
Raul Munoz,fl:ra_ln:munoz-3,
Michael Kramer,fl:mi_ln:kramer-13,
Fernando Alvarez Ramirez,fl:fe_ln:alvarezramirez-1,
Oswaldo Perez Barrera,fl:os_ln:perezbarrera-1,
Christopher Gerald Donner,fl:ch_ln:donner-1,
Flavio Salvador Vazquez Moreno,fl:fl_ln:vazquezmoreno-1,
Jose Parra Vilchis,fl:jo_ln:parravilchis-1,
Luis Silvestre Zamudio Rivera,fl:lu_ln:zamudiorivera-1,
Marcelo Garza Laguera Garza,fl:ma_ln:garza-8,
Raul Hernandez Altamirano,fl:ra_ln:hernandezaltamirano-1,
David Arditti Ilitzky,fl:da_ln:ardittiilitzky-1,
Francois Vardon,fl:fr_ln:vardon-1,
Raul Medina,fl:ra_ln:medina-5,
Terence Luke Molnar,fl:te_ln:molnar-1,
Victor Hugo Ocegueda Gallaga,fl:vi_ln:oceguedagallaga-1,
Julio Zamora Esquivel,fl:ju_ln:zamoraesquivel-1,
Rafael De La Guardia Gonzalez,fl:ra_ln:delaguardiagonzalez-1,
David Gomez Gutierrez,fl:da_ln:gomezgutierrez-1,
Paulo Lopez Meyer,fl:pa_ln:lopezmeyer-1,
Jose Rodrigo Camacho Perez,fl:jo_ln:camachoperez-2,
Minoru Kimura,fl:mi_ln:kimura-28,
Oscar Jimenez,fl:os_ln:jimenez-3,
Jose R. Mosqueda Mejia,fl:jo_ln:mosquedamejia-1,
Hector Cordourier Maruri,fl:he_ln:cordouriermaruri-1,
Daniel Felipe Ortega,fl:da_ln:ortega-5,
Eduardo Coronado,fl:ed_ln:coronado-1,
David N. Franklin,fl:da_ln:franklin-3,
