NOMBRE DEL INVESTIGADOR,NOMBRE DEL INVESTIGADOR PATENTE,SIMILARITY
"ABSALON CONSTANTINO,ANGEL EDUARDO","ABSALON CONSTANTINO,ANGEL EDUARDO",100
"ABURTO ANELL,JORGE ARTURO","ABURTO ANELL,JORGE ARTURO",100
"ACEVES DIEZ,ANGEL EMILIO","ACEVES DIEZ,ANGEL EMILIO",100
"RIVAS ACEVES,SALVADOR","ACEVES,SALVADOR M",7.777.777.777.777.770
"ACOSTA GONZALEZ,GUILLERMO ENRIQUE","ACOSTA GONZALEZ,GUILLERMO ENRIQUE",100
"ACOSTA SALMON,HECTOR","ACOSTA SALMON,HECTOR",100
"ADAMS,RANDY HOWARD","ADAMS,RANDY HOWARD",100
"AGUILA HERNANDEZ,JACINTO","AGUILA HERNANDEZ,JACINTO",100
"AGUILAR ELGUEZABAL,ALFREDO","AGUILAR ELGUEZABAL,ALFREDO",100
"AGUILAR ESCALANTE,RODOLFO ANTONIO","AGUILAR ESCALANTE,RODOLFO ANTONIO",100
"AGUILAR FAISAL,JOSE LEOPOLDO","AGUILAR FAISAL,JOSE LEOPOLDO",100
"AGUILAR MENDOZA,GUILLERMO","AGUILAR MENDOZA,GUILLERMO",100
"AGUILAR PLIEGO,JULIA","AGUILAR PLIEGO,JULIA",100
"AGUILAR TOALA,JOSE ELEAZAR","AGUILAR TOALA,JOSE ELEAZAR",100
"AGUILAR VEGA,MANUEL DE JESUS","AGUILAR VEGA,MANUEL DE JESUS",100
"AGUILAR GONZALEZ,ALBERTO","AGUILAR,ALBERT",7.658.862.876.254.180
"AGUILAR LOPEZ,ANTONIO","AGUILAR,ANTONIO",85
"PEREZ AGUILAR,BENJAMIN","AGUILAR,BENJAMIN",85
"AYON AGUILAR,JORGE","AGUILAR,JORGE",8.684.210.526.315.780
"AGUILAR RIVERA,JOSE ANTONIO","AGUILAR,JOSE ANTONIO",8.333.333.333.333.330
"GOMEZ AGUILAR,JOSE FRANCISCO","AGUILAR,JOSE FRANCISCO",85
"AGUILAR JIMENEZ,JOSE ROBERTO","AGUILAR,JOSE ROBERTO",8.181.818.181.818.180
"SANCHEZ AGUILAR,MARIO","AGUILAR,MARIO",8.181.818.181.818.180
"AGUILAR MEJIA,OMAR","AGUILAR,OMAR",85
"MORA AGUILAR,RAFAEL","AGUILAR,RAFAEL",8.684.210.526.315.780
"AGUILERA CORTES,LUZ ANTONIO","AGUILERA CORTES,LUZ ANTONIO",100
"AGUILERA GOMEZ,EDUARDO","AGUILERA GOMEZ,EDUARDO",100
"AGUILAR FAISAL,JOSE LEOPOLDO","AGUILR FAISAL,JOSE  LEOPOLDO",962.962.963
"LOPEZ AGUIRRE,DANIEL","AGUIRRE,DANIEL",85
"ALAGON CANO,ALEJANDRO","ALAGON CANO,ALEJANDRO",100
"ALCANTAR CAMARENA,VICTOR ALFONSO","ALCANTAR CAMARENA,VICTOR ALFONSO",100
"GALINDO ALCANTARA,ADALBERTO","ALCANTARA,ALBERTO",7.836.538.461.538.460
"HERRERA ALCANTARA,OSCAR","ALCANTARA,OSCAR M",7.628.205.128.205.120
"ALDAYA GARDE,IVAN ARITZ","ALDAYA GARDE,IVAN ARITZ",100
"ALDAYA GARDE,IVAN ARITZ","ALDAYA GARDE,IVAN ARTIZ",95
"PAYAN ALEJO,JORGE","ALEJO,JORGE",81.25
"ALEKSANDROV,VLADIMIR","ALEKSANDROV,VLADIMIR",100
"ALEMAN VAZQUEZ,LAURA OLIVIA","ALEMAN VAZQUEZ,LAURA OLIVIA",100
"ALEXANDROVA,LARISSA","ALEXANDROVA,LARISSA",100
"ALMEIDA LOYA,SERGIO FABIAN","ALMEIDA LOYA,SERGIO FABIAN",100
"ALONSO GARCIA,ANA LUCIA","ALONSO GARCIA,ANA LUCIA",100
"ALONSO MARTINEZ,FERNANDO","ALONSO MARTINEZ,FERNANDO",100
"ALONSO MARTINEZ,FERNANDO","ALONSO MARTINEZ,FRENANDO",93.75
"ALONSO NUNEZ,GABRIEL","ALONSO NUNEZ,GABRIEL",100
"DIAZ ALONSO,DANIELA","ALONSO,DANIELA",8.529.411.764.705.880
"ALONSO NUNEZ,GABRIEL","ALONSO,GABRIEL",8.333.333.333.333.330
"ALTAGRACIA MARTINEZ,MARINA","ALTAGRACIA MARTINEZ,MARINA",100
"ALTAMIRANO BUSTAMANTE,MYRIAM MARLENNE","ALTAMIRANO BUSTAMANTE,MYRIAM MARLENE",9.827.586.206.896.550
"ALUJA SCHUNEMAN HOFER,MARTIN RAMON","ALUJA SCHUNEMAN,MARTIN RAMON",9.166.666.666.666.660
"ALVAREZ CONTRERAS,LORENA","ALVAREZ CONTRERAS,LORENA",100
"ALVAREZ GAYOSSO,CARLOS ANDRES","ALVAREZ GAYOSSO,CARLOS ANDRES",100
"ALVAREZ MAJMUTOV,ANTON","ALVAREZ MAJMUTOV,ANTON",100
"ALVAREZ MEJIA,ANA LAURA","ALVAREZ MEJIA,ANA LAURA",100
"ALVAREZ RAMIREZ,FERNANDO","ALVAREZ RAMIREZ,FERNANDO",100
"ALVAREZ MOYA,CARLOS","ALVAREZ,CARLOS",8.684.210.526.315.780
"ALVAREZ GUZMAN,EDUARDO","ALVAREZ,EDUARDO",8.333.333.333.333.330
"ALVAREZ PEREZ,JOSE","ALVAREZ,JOSE",85
"ALVAREZ LOPEZ,JUAN","ALVAREZ,JUAN J",75
"ALVAREZ,MARIO MOISES","ALVAREZ,MARIO MOISES",100
"ALZATE GAVIRIA,LILIANA MARIA","ALZATE GAVIRIA,LILIANA MARIA",100
"AMBROSIO LAZARO,ROBERTO CARLOS","AMBROSIO LAZARO,ROBERTO CARLOS",100
"AMEZAGA MADRID,PATRICIA","AMEZAGA MADRID,PATRICIA",100
"AMEZCUA ALLIERI,MYRIAM ADELA","AMEZCUA ALLIERI,MYRIAM ADELA",100
"ANCHEYTA JUAREZ,JORGE","ANCHEYTA JUAREZ,JORGE",100
"ANGELES ALVAREZ,PEDRO GUILLERMO","ANGELES ALVAREZ,PEDRO GUILLERMO",100
"ANGELES CHAVEZ,CARLOS","ANGELES CHAVEZ,CARLOS",100
"AQUINO OLIVOS,MARCO ANTONIO","AQUINO OLIVOS,MARCO ANTONIO",100
"ARAMBULA COSIO,FERNANDO","ARAMBULA COSIO,FERNANDO",100
"ARREOLA MENDOZA,LAURA","ARELLANO,LARA",7.487.922.705
"ARMENDARIZ BORUNDA,JUAN SOCORRO","ARMENDARIZ BORUNDA,JUAN SOCORRO",100
"ARMENDARIZ HERRERA,HECTOR","ARMENDARIZ HERRERA,HECTOR",100
"ARREDONDO HERNANDEZ,LUIS JOSE RENE","ARREDONDO HERNANDEZ,LUIS JOSE",8.913.043.478.260.860
"ARROYO CORDOBA,ISMAEL JAVIER","ARROYO CORDOVA,ISMAEL JAVIER",9.642.857.142.857.140
"ASCANIO GASCA,GABRIEL","ASCANIO GASCA,GABRIEL",100
"ASTUDILLO DE LA VEGA,HORACIO","ASTUDILLO DE LA VEGA,HORACIO",100
"AVALOS GARCIA,JAVIER","AVALOS GARCIA,JAVIER",100
"AVILA VILCHIS,JUAN CARLOS","AVILA VILCHIS,JUAN CARLOS",100
"AVILA ORTIZ,RAUL","AVILA,RAUL",81.25
"AVILES CRUZ,CARLOS","AVILES,CARLOS",8.529.411.764.705.880
"AZORIN VEGA,ERIKA PATRICIA","AZORIN VEGA,ERIKA PATRICIA",100
"BAEZA RAMIREZ,MARIA ISABEL","BAEZA RAMIREZ,MARIA ISABEL",100
"BANUELOS SANCHEZ,PEDRO","BANUELOS SANCHEZ,PEDRO",100
"BARAJAS RAMIREZ,JUAN GONZALO","BARAJAS RAMIREZ,JUAN GONZALO",100
"BARCENAS CASTANEDA,MARIANA","BARCENAS CASTANEDA,MARIANA",100
"BARONA GOMEZ,FRANCISCO","BARONA GOMEZ,FRANCISCO",100
"BARRAGAN RODRIGUEZ,EFRAIN","BARRAGAN,EFRAIN",8.076.923.076.923.070
"BARREIRO RODRIGUEZ,GUADALUPE","BARREIRO RODRIGUEZ,GUADALUPE",100
"BARRIENTOS RODRIGUEZ,ERNESTO","BARRIENTOS,ERNESTO D",7.708.333.333.333.330
"BARRIOS PEREZ,JOSE ANTONIO","BARRIOS PEREZ,JOSE ANTONIO",100
"BARROSO VILLA,JUAN GERARDO","BARROSO VILLA,JUAN GERARDO",100
"BARZANA GARCIA,EDUARDO","BARZANA,EDUARDO",8.333.333.333.333.330
"BAYDYK,TETYANA","BAYDYK,TETYANA",100
"BEAS BUJANOS,JOAQUIN","BEAS BUJANOS,JOAQUIN",100
"BECERRIL LUJAN,BALTAZAR","BECERRIL LUJAN,BALTAZAR",100
"BECERRIL LUJAN,BALTAZAR","BECERRIL,BALTAZAR",8.636.363.636.363.630
"BELTRAN CHACON,RICARDO","BELTRAN CHACON,RICARDO",100
"BELTRAN CONDE,HIRAM ISAAC","BELTRAN CONDE,HIRAM ISAAC",100
"BELTRAN CONDE,HIRAM ISAAC","BELTRAN CONDE,HIRAM ISSAC",9.545.454.545.454.540
"BELTRAN BEACHE,MARIANA","BELTRAN,MARIA",75
"BENAVIDES LOZANO,JORGE ALEJANDRO","BENAVIDES LOZANO,JORGE ALEJANDRO",100
"BENITEZ AGUILAR,JOSE LUIS RODOLFO","BENITEZ AGUILAR,JOSE LUIS RODOLFO",100
"BERNAD BERNAD,MARIA JOSEFA","BERNAD BERNAD,MARIA JOSEFA",100
"BERNAL PONCE,LUIS ARTURO","BERNAL,LUIS ALBERTO",7.246.376.811.594.200
"BORBOLLA ESCOBOZA,JOSE RAFAEL","BORBOLLA ESCOBOZA,JOSE RAFAEL",100
"BOSQUES PADILLA,FRANCISCO JAVIER","BOSQUES PADILLA,FRANCISCO JAVIER",100
"BOTELLO MENDEZ,ANDRES RAFAEL","BOTELLO MENDEZ,ANDRES RAFAEL",100
"BOUDA,JAN","BOUDA,JAN",100
"BRAVO DE LA PARRA,MARIA ALEJANDRA","BRAVO DE LA PARRA,MARIA ALEJANDRA",100
"BRAVO PONCE,ALEJANDRA","BRAVO,ALEJANDRA",81.25
"BRUCE DAVIDSON,NEIL CHARLES","BRUCE DAVIDSON,NEIL CHARLES",100
"BUENABAD CHAVEZ,JORGE","BUENABAD CHAVEZ,JORGE",100
"BUENROSTRO GONZALEZ,EDUARDO","BUENROSTRO GONZALEZ,EDUARDO",100
"CABANILLAS LOPEZ,RAFAEL ENRIQUE","CABANILLAS LOPEZ,RAFAEL ENRIQUE",100
"CABELLO ROBLES,JUAN JOSE","CABELLO,JUAN JOSE",8.333.333.333.333.330
"CABRERA AQUINO,JOSE GUSTAVO","CABRERA AQUINO,JOSE GUSTAVO",100
"CABRERA LLANOS,ROBERTO MARCOS","CABRERA LLANOS,ROBERTO MARCOS",100
"CADENA NAVA,RUBEN DARIO","CADENA NAVA,RUBEN D",8.888.888.888.888.880
"CADENAS PLIEGO,GREGORIO","CADENA PLIEGO,GREGORIO",9.814.814.814.814.810
"CADENAS PLIEGO,GREGORIO","CADENAS PLIEGO,GREGORIO",100
"CALDERON CONTRERAS,RAFAEL","CALDERON,RAFAEL",8.076.923.076.923.070
"CAMACHO LOPEZ,MIGUEL ANGEL","CAMACHO LOPEZ,MIGUEL ANGEL",100
"CAMACHO LOPEZ,SANTIAGO","CAMACHO LOPEZ,SANTIAGO",100
"CAMACHO PEREZ,JOSE RODRIGO","CAMACHO PEREZ,JOSE RODRIGO",100
"CAMACHO MOLINA,ALEJANDRA","CAMACHO,ALEJANDRA",8.333.333.333.333.330
"CAMPORREDONDO SAUCEDO,JESUS EMILIO","CAMPORREDONDO SAUCEDO,JESUS EMILIO",100
"CAMPOS CANTON,ERIC","CAMPOS CANTON,ERIC",100
"CAMPOS CANTON,ISAAC","CAMPOS CANTON,ISAAC",100
"CAMPOSECO SOLIS,ROBERTO","CAMPOSECO SOLIS,ROBERTO",100
"CANTO IBANEZ,JORGE JOAQUIN","CANTO IBANEZ,JORGE JOAQUIN",100
"CARBAJAL ARIZAGA,GREGORIO GUADALUPE","CARBAJAL ARIZAGA,GREGORIO GUADALUPE",100
"CARBAJAL DE NOVA,CAROLINA","CARBAJAL DE NOVA,CAROLINA",100
"CARDENAS CARDENAS,EDUARDO","CARDENAS,EDUARDO",82
"CARRILLO FUENTEVILLA,ROBERTO","CARRILLO FUENTEVILLA,ROBERTO",100
"CARRILLO PEDROZA,FRANCISCO RAUL","CARRILLO PEDROZA,FRANCISCO RAUL",100
"CARRION VILLARNOVO,GLORIA LUZ LAURA","CARRION VILLARNOVO,GLORIA LUZ LAURA",100
"CARTAS ROSADO,ANA ROCIO","CARTAS ROSADO,ANA ROCIO",100
"CASTANEDA LOPEZ,LUIS CARLOS","CASTANEDA LOPEZ,LUIS CARLOS",100
"CASTANO DE LA SERNA,ENRIQUE","CASTANO DE LA SERNA,ENRIQUE",100
"CASTANO MENESES,VICTOR MANUEL","CASTANO MENESES,VICTOR MANUEL",100
"CASTANON NAJERA,GUILLERMO","CASTANO,GUILLERMO",8.181.818.181.818.180
"CASTANON AVILA,GERARDO ANTONIO","CASTANON AVILA,GERARDO ANTONIO",100
"CASTELLANOS RODRIGUEZ,SERGIO","CASTELLANOS,SERGIO",84.375
"CASTILLEJOS ESCOBAR,ALFONSO HUMBERTO","CASTILLEJOS ESCOBAR,ALFONSO HUMBERTO",100
"CASTILLO BOCANEGRA,RAFAEL","CASTILLO BOCANEGRA,RAFAEL",100
"CASTILLO CERVANTES,SALVADOR","CASTILLO CERVANTES,SALVADOR",100
"CASTILLO PARRA,GABRIELA","CASTILLO,GABRIELA",8.636.363.636.363.630
"CASTILLO NONATO,JESUS","CASTILLO,JESUS J",7.644.927.536.231.880
"CASTILLO TEJAS,JORGE","CASTILLO,JORGE",8.636.363.636.363.630
"CASTORENA CORTES,GLADYS TERESA","CASTORENA CORTES,GLADYS TERESA",100
"CASTREJON VACIO,FERNANDO","CASTREJON VACIO,FERNANDO",100
"CAREAGA REYNA,GUILLERMO","CASTREZANA,GUILLERMO",8.043.478.260.869.560
"CASTRO ROSAS,JAVIER","CASTRO ROSAS,JAVIER",100
"CASTRO SOTELO,LAURA VERONICA","CASTRO SOTELO,LAURA VERONICA",100
"CASTRO ROCHA,ARTURO","CASTRO,ARTURO",8.333.333.333.333.330
"LEON CASTRO,ERNESTO","CASTRO,ERNESTO",8.529.411.764.705.880
"CASTRUITA DE LEON,GRISELDA","CASTRUITA DE LEON,GRISELDA",100
"CEDENO VIVEROS,LUIS DANIEL","CEDENO VIVEROS,LUIS DANIEL",100
"CENDEJAS SANTANA,GABRIEL","CENDEJAS SANTANA,GABRIEL",100
"CENDEJAS ZARAGOZA,LEOPOLDO","CENDEJAS ZARAGOZA,LEOPOLDO",100
"CENTENO NOLASCO,GUILLERMO","CENTENO NOLASCO,GUILLERMO",100
"CERON CAMACHO,RICARDO","CERON CAMACHO,RICARDO",100
"CERVANTES TORRES,JACQUELYNNE BRENDA","CERVANTES TORRES,JACQUELYNNE BRENDA",100
"CERVANTES ORTIZ,FRANCISCO","CERVANTES,FRANCISCO",87.5
"CERVANTES ORTIZ,FRANCISCO","CERVANTES,FRANCISCO J",82.5
"CERVANTES PEREZ,JUAN","CERVANTES,JUAN",87.5
"CEVADA MAYA,ENRIQUE","CEVADA MAYA,ENRIQUE",100
"CEVALLOS GAOS,ANA MARIA","CEVALLOS,ANA MARIA",880.952.381
"CHAGOYA Y HAZAS,VICTORIA EUGENIA","CHAGOYA HAZAS,VICTORIA EUGENIA",9.642.857.142.857.140
"CHAPELA CASTANARES,VICTOR MANUEL","CHAPELA CASTANARES,VICTOR MANUEL",100
"CHAUHAN,GAURAV","CHAUHAN,GAURAV",100
"CHAUVIN,ANNE LAURE PATRICIA","CHAUVIN,ANNE LAURE PATRICIA",100
"CHAVEZ GOMEZ,BENJAMIN","CHAVEZ GOMEZ,BENJAMIN",100
"CHAVEZ MIYAUCHI,TOMAS EDUARDO","CHAVEZ MIYAUCHI,TOMAS EDUARDO",100
"CHAVEZ REYES,ARTURO","CHAVEZ REYES,ARTURO",100
"CHERNYKH,ANDREY","CHERKAS,ANDREY",8.333.333.333.333.330
"CHICUREL UZIEL,RICARDO","CHICUREL UZIEL,RICARDO",100
"CHICUREL Y UZIEL,ENRIQUE JAIME","CHICUREL Y UZIEL,ENRIQUE JAIME",100
"CISNEROS DEVORA,RODOLFO","CISNEROS DEVORA,RODOLFO",100
"COLLINS MARTINEZ,VIRGINIA HIDALINA","COLLINS MARTINEZ,VIRGINIA HIDOLINA",9.705.882.352.941.170
"CONTRERAS DE LEON,JOSE EULALIO","CONTRERAS DE LEON,JOSE EULALIO",100
"CONTRERAS MASSE,ROBERTO ANTONIO","CONTRERAS MASSE,ROBERTO ANTONIO",100
"CONTRERAS RAMOS,SILVIA MARIBEL","CONTRERAS RAMOS,SILVIA MARIBEL",100
"CONTRERAS CRISTAN,ALBERTO","CONTRERAS,ALBERTO",8.461.538.461.538.460
"CONTRERAS CUEVAS,ANTONIO","CONTRERAS,ANTONIO",86
"CONTRERAS JUAREZ,ROBERTO","CONTRERAS,ROBERTO",86
"CORDOVA DIAZ,RENE KTNWA","CORDOVA DIAZ,RENE KTNWA",100
"CORELLA MADUENO,MARIA ALBA GUADALUPE","CORELLA,MARIA ALBA GUADALUPE",8.181.818.181.818.180
"CORONA GALVAN,SERGIO","CORONA GALVAN,SERGIO",100
"CORONA VILLEGAS,MIGUEL","CORONA VILLEGAS,MIGUEL",100
"CORTES ESPINOSA,DIANA VERONICA","CORTES ESPINOSA,DIANA VERONICA",100
"CORTES JACOME,MARIA ANTONIA","CORTES JACOME,MARIA ANTONIA",100
"CORTES RAMIREZ,JORGE ARMANDO","CORTES RAMIREZ,JORGE ARMANDO",100
"CORTES CUEVAS,ARTURO","CORTES,ARTURO",8.157.894.736.842.100
"CORVERA POIRE,EUGENIA","CORVERA POIRE,EUGENIA",100
"CRUZ BARBA,LUIS EMILIO","CRUZ BARBA,LUIS EMILIO",100
"CRUZ CRUZ,GUILLERMO JESUS","CRUZ CRUZ,GUILLERMO JESUS",100
"CRUZ MORALES,PABLO","CRUZ MORALES,PABLO",100
"CRUZ VEGA,ISRAEL","CRUZ,ISRAEL",8.076.923.076.923.070
"CRUZ NOVA,PEDRO","CRUZ,PEDRO",8.076.923.076.923.070
"CUEVAS PACHECO ,GREGORIO","CUEVAS PACHECO,GREGORIO",100
"CUEVAS MORENO,RICARDO","CUEVAS,RICARDO",8.157.894.736.842.100
"DAVILA JIMENEZ,MARTIN MARINO","DAVILA JIMENEZ,MARTIN MARINO",100
"DAVILA VAZQUEZ,GUSTAVO","DAVILA VAZQUEZ,GUSTAVO",100
"DE LA CRUZ CORDERO,RICARDO ABRAHAM","DE LA CRUZ CORDERO,RICARDO ABRAHAM",100
"DE LA ROSA SANTAMARIA,ROBERTO","DE LA ROSA SANTAMARIA,ROBERTO",100
"DE LANGE,DIRK FREDERIK","DE LANGE,DIRK FREDERIK",100
"DEMMLER,MICHAEL","DEIMEN,MICHAEL L",7.451.923.076.923.070
"DEL ANGEL VICENTE,PAZ","DEL ANGEL VICENTE,PAZ",100
"DEL RIO GARCIA,JUAN CARLOS","DEL RIO,JUAN CARLOS",8.333.333.333.333.330
"DELGADO COELLO,BLANCA ALICIA","DELGADO COELLO,BLANCA ALICIA",100
"DIAZ DE LA GARZA,ROCIO ISABEL","DIAZ DE LA GARZA,ROCIO ISABEL",100
"DIAZ DE LEON GOMEZ,RAMON ENRIQUE","DIAZ DE LEON GOMEZ,RAMON ENRIQUE",100
"DIAZ DE LEON HERNANDEZ,JORGE NOE","DIAZ DE LEON HERNANDEZ,JORGE NOE",100
"DIAZ FLEISCHER,FRANCISCO","DIAZ FLEISCHER,FRANCISCO",100
"DIAZ RUIZ,MARIA DE LOS ANGELES ARACELI","DIAZ RUIZ,MARIA DE LOS ANGELES ARACELI",100
"DOMINGUEZ AGUILAR,MARCO ANTONIO","DOMINGUEZ AGUILAR,MARCO ANTONIO",100
"DOMINGUEZ CHAVEZ,JORGE GUILLERMO","DOMINGUEZ CHAVEZ,JORGE GUILLERMO",100
"DOMINGUEZ ESQUIVEL,JOSE MANUEL","DOMINGUEZ ESQUIVEL,JOSE MANUEL",100
"DOMINGUEZ MALDONADO,JORGE ARTURO","DOMINGUEZ MALDONADO,JORGE ARTURO",100
"DOUDA,YOURI","DOUDA,YOURI",100
"DUARTE VAZQUEZ,MIGUEL ANGEL","DUARTE VAZQUEZ,MIGUEL ANGEL",100
"DURAN VALENCIA,CECILIA DE LOS ANGELES","DURAN VALENCIA,CECILIA DE LOS ANGELES",100
"ELIZALDE GONZALEZ,MARIA DE LA PAZ","ELIZALDE GONZALEZ,MARIA DE LA PAZ",100
"ELIZALDE SILLER,HUGO RAMON","ELIZALDE SILLER,HUGO RAMON",100
"ELIZONDO RIOJAS,GUILLERMO","ELIZONDO RIOJAS,GUILLERMO",100
"ENRIQUEZ CARREJO,JOSE LUIS","ENRIQUEZ CARREJO,JOSE LUIS",100
"ENRIQUEZ VALENCIA,RAUL","ENRIQUEZ,RAUL G",72
"ESCALERA BRICENO,ALEJANDRO","ESCALERA,ALEJANDRO LEON",7.246.376.811.594.200
"ESCOBAR AGUILAR,JOSE","ESCOBAR AGUILAR,JOSE",100
"ESCOBAR BARRIOS,VLADIMIR ALONSO","ESCOBAR BARRIOS,VLADIMIR ALONSO",100
"ESCOBAR HERNANDEZ,DANIEL","ESCOBAR HERNANDEZ,DANIEL",100
"ESCOBAR VALDERRAMA,GERARDO","ESCOBAR VALDERRAMA,GERARDO",100
"ESCOBAR GALINDO,GERARDO","ESCOBAR,GERARDO",8.181.818.181.818.180
"ESCUDERO URIBE,APOLO ZEUS","ESCUDERO URIBE,APOLO ZEUS",100
"ESPARZA GARCIA,FERNANDO JOSE","ESPARZA,FERNANDO",7.142.857.142.857.140
"ESPARZA FLORES,MIGUEL","ESPARZA,MIGUEL",8.333.333.333.333.330
"ESPINO SOLIS,GERARDO PAVEL","ESPINO SOLIS,GERARDO PAVEL",100
"ESPINOSA ANDREWS,HUGO","ESPINOSA ANDREWS,HUGO",100
"ESPINOSA MONTERO,JUAN","ESPINOSA,JUAN",8.333.333.333.333.330
"ESPINOZA GONZALEZ,CARLOS JOSE","ESPINOZA GONZALEZ,CARLOS JOSE",100
"ESPINOSA GARCIA,ANA CECILIA","ESPINOZA,CECILIA",6.932.367.149.758.450
"ESPINOZA RAMIREZ,CESAR","ESPINOZA,CESAR",8.333.333.333.333.330
"ESQUIVEL MARTINEZ,JUAN MANUEL","ESQUIVEL,JUAN MANUEL",82
"ESTRADA GARCIA,IRIS CITLALI ELVIRA","ESTRADA GARCIA,IRIS CITLATI ELVIRA",9.736.842.105.263.150
"ESTRADA GUEL,IVANOVICH","ESTRADA GUEL,IVANOVICH",100
"ESTRADA VARGAS,ANA PAULA","ESTRADA VARGAS,ANA PAULA",100
"ESTRADA MARTINEZ,JORGE","ESTRADA,JORGE",8.043.478.260.869.560
"ESTRADA HAEN,JOSE LUIS","ESTRADA,JOSE LUIS",8.684.210.526.315.780
"ESTRADA AVALOS,JUAN","ESTRADA,JUAN",8.333.333.333.333.330
"FARIAS MANCILLA,JOSE RURIK","FARIAS MANCILLA,JOSE RURIK",100
"FEMAT FLORES,ALEJANDRO RICARDO","FEMAT FLORES,ALEJANDO RICARDO",9.848.484.848.484.840
"FEMAT FLORES,ALEJANDRO RICARDO","FEMAT FLORES,ALEJANDRO RICARDO",100
"FEREGRINO URIBE,CLAUDIA","FEREGRINO URIBE,CLAUDIA",100
"FERNANDEZ DE CASTRO PEREDO,JORGE","FERNANDEZ DE CASTRO,JORGE",9.222.222.222.222.220
"FERNANDEZ FUENTES,ANTONIO","FERNANDEZ FUENTES,ANTONIO",100
"FERNANDEZ TAVIZON,SALVADOR","FERNANDEZ TAVIZON,SALVADOR",100
"FERNANDEZ RUIZ,JUAN","FERNANDEZ,JUAN",8.913.043.478.260.860
"FERRAT TORRES,GERARDO","FERRAT TORRES,GERARDO",100
"FERREIRA BATISTA,CESAR VICENTE","FERREIRA BATISTA,CESAR VICENTE",100
"FERRO FLORES,GUILLERMINA","FERRO FLORES,GUILLERMINA",100
"FIGUEROA YANEZ,LUIS JOEL","FIGUEROA YANEZ,LUIS JOEL",100
"FIGUEROA IBARRA,CARLOS ALBERTO","FIGUEROA,CARLOS ALBERTO",8.478.260.869.565.210
"FLORES HIGUERA,FRANCISCO ANTONIO","FIGUEROA,FRANCISCO RAMON",7.244.318.181.818.180
"ROMERO FIGUEROA,GUILLERMO","FIGUEROA,GUILLERMO",8.478.260.869.565.210
"FLORES FLORES,RODOLFO","FLORES FLORES,RODOLFO",100
"FLORES GALLARDO,SERGIO GABRIEL","FLORES GALLARDO,SERGIO GABRIEL",100
"FLORES OROPEZA,EUGENIO ALEJANDRO","FLORES OROPEZA,EUGENIO ALEJANDRO",100
"FLORES RAMOS,MIGUEL ANGEL","FLORES RAMOS,MIGUEL ANGEL",100
"FLORES SANCHEZ,PATRICIA","FLORES SANCHEZ,PATRICIA",100
"FLORES SANDOVAL,CESAR ANDRES","FLORES SANDOVAL,CESAR ANDRES",100
"FLORES SANTOS,LETICIA","FLORES SANTOS,LETICIA",100
"FLORES VALDEZ,MARIO ALBERTO","FLORES VALDEZ,MARIO ALBERTO",100
"FLORES GARCIA,ANDRES","FLORES,ANDRES J",7.443.609.022.556.390
"FLORES GOMEZ,CARLOS ALBERTO","FLORES,CARLOS ALBERTO CONCHA",7.333.333.333.333.330
"FLORES CURIEL,DANIEL","FLORES,DANIEL",8.157.894.736.842.100
"FLORES LOPEZ,EMIGDIO Z.","FLORES,EMIGDIO Z",8.070.175.438.596.490
"FLORES GARCIA,FERNANDO","FLORES,FERNANDO",8.157.894.736.842.100
"FLORES LOPEZ,JOSE MANUEL","FLORES,JOSE MANUEL",8.333.333.333.333.330
"FLORES GRACIA,JUAN","FLORES,JUAN F",7.157.894.736.842.100
"FLORES MEJIA,RAUL","FLORES,RAUL",8.333.333.333.333.330
"FLORES DAVILA,RODRIGO","FLORES,RODRIGO F",7.532.894.736.842.100
"FLOTA BANUELOS,MANUEL ISRAEL","FLOTA BANUELOS,MANUEL ISRAEL",100
"FRAGOSO GONZALEZ,GLADIS DEL CARMEN","FRAGOSO GONZALEZ,GLADIS DEL CARMEN",100
"FUENTES AGUILAR,RITA QUETZIQUEL","FUENTES AGUILAR,RITA QUETZIQUEL",100
"FUENTES MOYADO,SERGIO","FUENTES MOYADOS,SERGIO",9.827.586.206.896.550
"FUENTES MOYADO,SERGIO","FUENTES,SERGIO",8.333.333.333.333.330
"GALINDO ESQUIVEL,IGNACIO RENE","GALINDO ESQUIVEL,IGNACIO RENE",100
"GALINDO SEVILLA,NORMA DEL CARMEN","GALINDO SEVILLA,NORMA DEL CARMEN",100
"GALLEGOS ROBLES,MIGUEL ANGEL","GALLEGOS,MIGUEL ANGEL",8.478.260.869.565.210
"GAMBA AYALA,GERARDO","GAMBA,GERARDO",81.25
"GAMINO ROFFE,JOSE CARLOS","GAMIO ROFFE,JOSE  CARLOS",9.565.217.391.304.340
"GARCIA CANTU,RIGOBERTO","GARCIA CANTU,RIGOBERTO",100
"GARCIA CASILLAS,PERLA ELVIA","GARCIA CASILLAS,PERLA ELVIA",100
"GARCIA CERDA,LUIS ALFONSO","GARCIA CERDA,LUIS ALFONSO",100
"GARCIA CRUZ,ISIDORO","GARCIA CRUZ,ISIDORO",100
"GARCIA DE LEON,ROBERTO","GARCIA DE LEON,ROBERTO",100
"GARCIA FLORES,BLANCA ESTELA","GARCIA FLORES,BLANCA ESTELA",100
"GARCIA GARCIA,GUILLERMO","GARCIA GARCIA,GUILLERMO",100
"GARCIA GONZALEZ,ALEJANDRO","GARCIA GONZALEZ,ALEJANDRO",100
"GARCIA GONZALEZ,VICTOR GUADALUPE","GARCIA GONZALEZ,VICTOR GUADALUPE",100
"GARCIA LUNA,ARMANDO","GARCIA LUNA,ARMANDO",100
"GARCIA MARQUEZ,ERISTEO","GARCIA MARQUEZ,ERISTEO",100
"GARCIA MARTINEZ,MOISES","GARCIA MARTINEZ,MOISES",100
"GARCIA SANCHEZ,GUSTAVO ADOLFO","GARCIA SANCHEZ,GUSTAVO A",8.913.043.478.260.860
"GARCIA QUIROZ,ALBERTO","GARCIA,ALBERTO",8.157.894.736.842.100
"GARCIA QUIROZ,ALBERTO","GARCIA,ALBERTO F",7.532.894.736.842.100
"GARCIA BORES,ANA MARIA","GARCIA,ANAMARIA",8.039.215.686
"GARCIA LUNA,ARMANDO","GARCIA,ARMANDO",8.529.411.764.705.880
"GARCIA GOMEZ,ARTURO","GARCIA,ARTURO",8.333.333.333.333.330
"GAY GARCIA,CARLOS","GARCIA,CARLOS",87.5
"GARCIA GARCIA,CESAR","GARCIA,CESAR",8.157.894.736.842.100
"GARCIA GARCIA,CESAR","GARCIA,CESAR G",7.324.561.403.508.770
"GARCIA PAEZ,FERNANDO","GARCIA,FERNANDO",8.529.411.764.705.880
"GARCIA PAEZ,FERNANDO","GARCIA,FERNANDO F",7.973.856.209.150.320
"GARCIA LOPEZ,GUADALUPE","GARCIA,GUADALUPE",8.333.333.333.333.330
"GARCIA CONDE,GUSTAVO","GARCIA,GUSTAVO",8.333.333.333.333.330
"GARCIA CONDE,GUSTAVO","GARCIA,GUSTAVO A",7.708.333.333.333.330
"GARCIA NAVA,HECTOR","GARCIA,HECTOR",8.529.411.764.705.880
"SOLIS GARCIA,HUGO","GARCIA,HUGO",8.333.333.333.333.330
"GARCIA FERIA,LUIS MANUEL","GARCIA,IUIS MANUEL",7.878.787.878.787.870
"GARCIA SOTO,J DE JESUS","GARCIA,JAIME JESUS",7.338.935.574.229.690
"GARCIA DIAZ,JESUS","GARCIA,JESUS",8.529.411.764.705.880
"GARCIA ROJAS,JESUS ALBERTO","GARCIA,JESUS ALBERTO GRANADO",7.156.862.745.098.030
"GARCIA GOMEZ,JOSE","GARCIA,JOSE",8.333.333.333.333.330
"GARCIA GOMEZ,JOSE","GARCIA,JOSE A",7.333.333.333.333.330
"GARCIA FERIA,LUIS MANUEL","GARCIA,LUIS MANUEL",8.333.333.333.333.330
"GARCIA JUAREZ,MARCOS","GARCIA,MARCO",7.703.349.282.296.650
"COLIN GARCIA,MARIA","GARCIA,MARIA L",75
"GARCIA BERGER,MARIO","GARCIA,MARIO",8.157.894.736.842.100
"GARCIA ROCHA,MIGUEL","GARCIA,MIGUEL",8.333.333.333.333.330
"GARCIA LEAL,OSCAR","GARCIA,OSCAR",8.529.411.764.705.880
"GARCIA RUIZ,RAFAEL","GARCIA,RAFAEL",8.529.411.764.705.880
"GARCIA GARZA,RUBEN","GARCIA,RUBEN",8.333.333.333.333.330
"CRUZ GARCIA,SALVADOR","GARCIA,SALVADOR",8.529.411.764.705.880
"GARCIA AVILA,SERGIO","GARCIA,SERGIO",8.333.333.333.333.330
"GARIBAY FEBLES,VICENTE","GARIBAY FEBLES,VICENTE",100
"GARNICA GARZA,HECTOR MAURICIO","GARNICA GARZA,HECTOR MAURICIO",100
"GARZON TIZNADO,JOSE ANTONIO","GARZON TIZNADO,JOSE ANTONIO",100
"GEVORGYAN,GOHAR","GEVORGYAN,GOHAR",100
"GOJON ZORRILLA,GABRIEL","GOJON ZORRILLA,GABRIEL",100
"GOMEZ ALDAPA,CARLOS ALBERTO","GOMEZ ALDAPA,CARLOS ALBERTO",100
"GOMEZ GOMEZ,ISABEL","GOMEZ GOMEZ,ISABEL",100
"GOMEZ GUTIERREZ,DAVID","GOMEZ GUTIERREZ,DAVID",100
"GOMEZ RAMIREZ,MARLENNE","GOMEZ RAMIREZ,MARLENNE",100
"GARZA GOMEZ,ALEJANDRO","GOMEZ,ALEJANDRO",81.25
"GOMEZ RUIZ,JAIME","GOMEZ,JAIME",8.333.333.333.333.330
"GOMEZ DIAZ,JAVIER","GOMEZ,JAVIER",8.333.333.333.333.330
"GOMEZ ORTEGA,ARTURO","GOMORA,ARTURO",8.333.333.333.333.330
"GONGORA CASTILLO,ELSA BEATRIZ","GONGORA CASTILLO,ELSA BEATRIZ",100
"GONZALEZ ORTEGA,EMMANUEL","GONZAGA,EMMANUEL F",7.626.262.626.262.620
"GONZALEZ TULE,LUIS","GONZALEZ ARGENTIN,LUIS",8.333.333.333.333.330
"GONZALEZ CORDOVA,AARON FERNANDO","GONZALEZ CORDOVA,AARON FERNANDO",100
"GONZALEZ GALVAN,EMILIO JORGE","GONZALEZ GALVAN,EMILIO J",90
"GONZALEZ GONZALEZ,MARIA ALEJANDRA","GONZALEZ GONZALEZ,GABRIELA ALEJANDRA",9.242.424.242.424.240
"GONZALEZ HERNANDEZ,CARLOS","GONZALEZ HERNANDEZ,CARLOS",100
"GONZALEZ HERNANDEZ,GLORIA ANGELICA","GONZALEZ HERNANDEZ,GLORIA ANGELICA",100
"GONZALEZ HERNANDEZ,JESUS","GONZALEZ HERNANDEZ,JESUS",100
"GONZALEZ HERRERA,IRMA GABRIELA","GONZALEZ HERRERA,IRMA GABRIELA",100
"GONZALEZ JIMENEZ,LUIS ENRIQUE","GONZALEZ JIMENEZ,LUIS ENRIQUE",100
"GONZALEZ MONTIEL,ALFONSO","GONZALEZ MONTIEL,ALFONSO",100
"GONZALEZ RIOS,HUMBERTO","GONZALEZ RIOS,HUMBERTO",100
"GONZALEZ VILLARREAL,JOSE ALEJANDRO","GONZALEZ VILLARREAL,JOSE ALEJANDRO",100
"GONZALEZ PALACIOS,AARON","GONZALEZ,AARON",82
"GONZALEZ GOMEZ,ALEJANDRO","GONZALEZ,ALEJANDRO",8.636.363.636.363.630
"GONZALEZ ISLA,ARTURO","GONZALEZ,ARTURO",880.952.381
"GONZALEZ GOMEZ,CLAUDIA","GONZALEZ,CLAUDIA",8.636.363.636.363.630
"GONZALEZ ORTEGA,EMMANUEL","GONZALEZ,EMMANUEL B",7.922.705.314.009.660
"GONZALEZ SOSA,ENRIQUE","GONZALEZ,ENRIQUE",880.952.381
"GONZALEZ ORTIZ,FELIPE","GONZALEZ,FELIPE",8.636.363.636.363.630
"GONZALEZ CERON,FERNANDO","GONZALEZ,FERNANDO",8.636.363.636.363.630
"GONZALEZ TOVAR,JOSE","GONZALEZ,JOSE",8.636.363.636.363.630
"GONZALEZ TOVAR,JOSE","GONZALEZ,JOSE M",7.636.363.636.363.630
"GONZALEZ VIDAL,JUAN CARLOS","GONZALEZ,JUAN CARLOS",8.636.363.636.363.630
"GONZALEZ MORFIN,JUAN","GONZALEZ,JUAN L",7.478.260.869.565.210
"GONZALEZ LOPEZ,JUAN MIGUEL","GONZALEZ,JUAN MIGUEL",8.636.363.636.363.630
"GONZALEZ LOPEZ,MARCO ANTONIO","GONZALEZ,MARCO ANTONIO PEREZ",7.698.863.636.363.630
"GONZALEZ RIOS,OSCAR","GONZALEZ,OSCAR",880.952.381
"GONZALEZ ZAMORA,PEDRO","GONZALEZ,PEDRO",8.478.260.869.565.210
"GONZALEZ ZAMORA,PEDRO","GONZALEZ,PEDRO C",7.644.927.536.231.880
"GONZALEZ ACOLT,ROBERTO","GONZALEZ,ROBERTO",8.636.363.636.363.630
"GORDILLO MOSCOSO,JOSE LUIS","GORDILLO MOSCOSO,JOSE LUIS",100
"GORIN,THOMAS","GORT,THOMAS",8.333.333.333.333.330
"GOSSET LAGARDA,GUILLERMO","GOSSET LAGARDA,GUILLERMO",100
"GRAEVE,OLIVIA AMALIA","GRAEVE,OLIVIA A",880.952.381
"GRANADOS COVARRUBIAS,EVIN HAZAEL","GRANADOS COVARRUBIAS,EVIN HAZAEL",100
"GUERRA ZUBIAGA,DAVID APOLINAR","GUERRA ZUBIAGA,DAVID APOLINAR",100
"GUERRERO SANCHEZ,WUIYEVALDO FERMIN","GUERRERO SANCHEZ,WUIYEVALDO FERMIN",100
"GUERRERO SANTOS,RAMIRO","GUERRERO SANTOS,RAMIRO",100
"GUTIERREZ ROBLES,JOSE ALBERTO","GUERRERO,JOSE ALBERTO GARCIA",7.204.301.075.268.810
"GUEVARA GONZALEZ,CESAR","GUEVARA,CESAR",8.043.478.260.869.560
"GUILLEN SANTIAGO,ALEJANDRO","GUILLEN,ALEJANDRO",8.043.478.260.869.560
"GURROLA BRIONES,GEORGINA","GURROLA BRIONES,GEORGINA",100
"GUTIERREZ ALEJANDRE,AIDA","GUTIERREZ ALEJANDRE,AIDA",100
"GUTIERREZ ARZALUZ,MIRELLA","GUTIERREZ ARZALUZ,MIRELLA",100
"GUTIERREZ MEDINA,BRAULIO","GUTIERREZ MEDINA,BRAULIO",100
"GUTIERREZ URIBE,JANET ALEJANDRA","GUTIERREZ URIBE,JANET ALEJANDRA",100
"GUTIERREZ BECERRA,ALBERTO","GUTIERREZ,ALBERTO",8.461.538.461.538.460
"GUTIERREZ LOZANO,ARTURO","GUTIERREZ,ARTURO",86
"GUTIERREZ RUIZ,DAVID","GUTIERREZ,DAVID H",8.079.710.144.927.530
"GUTIERREZ LOPEZ,ENRIQUE","GUTIERREZ,ENRIQUE G",81.25
"GUTIERREZ CUEVAS,JORGE","GUTIERREZ,JORGE",86
"GUTIERREZ,LUIS","GUTIERREZ,LUIS",100
"GUTIERREZ PRECIADO,LUIS FERNANDO","GUTIERREZ,LUIS FERNANDO",8.333.333.333.333.330
"GUTIERREZ NAVA,MANUEL","GUTIERREZ,MANUEL",8.913.043.478.260.860
"GUTIERREZ CASTRELLON,PEDRO","GUTIERREZ,PEDRO",8.103.448.276
"GUTIERREZ SUAREZ,RAUL","GUTIERREZ,RAUL",86
"GUTIERREZ DORADO,ROBERTO","GUTIERREZ,ROBERTO",86
"GUZMAN CASTILLO,MARIA DE LOURDES ALEJANDRA","GUZMAN CASTILLO,MARIA DE LOURDES ALEJANDRA",100
"GUZMAN LOPEZ,MIGUEL ANGEL","GUZMAN LOPEZ,MIGUEL A",90
"GUZMAN LUCERO,DIEGO JAVIER","GUZMAN LUCERO,DIEGO JAVIER",100
"GUZMAN PANTOJA,JAVIER","GUZMAN PANTOJA,JAVIER",100
"HENNEY,WILLIAM JOHN","HEINZEN,WILLIAM J",7.362.637.362.637.360
"HERMOSILLO VALADEZ,JORGE","HERMOSILLO,JORGE",8.571.428.571.428.570
"HERNANDEZ ALTAMIRANO,RAUL","HERNANDEZ ALTAMIRANO,RAUL",100
"HERNANDEZ AVALOS,PEDRO AARON","HERNANDEZ AVALOS,PEDRO AARON",100
"HERNANDEZ BELLO,ROMEL","HERNANDEZ BELLO,ROMEL",100
"HERNANDEZ BELTRAN,FRANCISCO JAVIER","HERNANDEZ BELTRAN,FRANCISCO JAVIER",100
"HERNANDEZ BELTRAN,NORMA ALICIA","HERNANDEZ BELTRAN,NORMA ALICIA",100
"HERNANDEZ BRENES,CARMEN","HERNANDEZ BRENES,CARMEN",100
"HERNANDEZ CAMPOS,MARIA ALICIA","HERNANDEZ CAMPOS,MARIA ALICIA",100
"HERNANDEZ CARBAJAL,EDGAR IVAN","HERNANDEZ CARBAJAL,EDGAR IVAN",100
"HERNANDEZ CORTEZ,JOSE GONZALO","HERNANDEZ CORTEZ,JOSE GONZALO",100
"HERNANDEZ GAMA,REGINA","HERNANDEZ GAMA,REGINA",100
"HERNANDEZ GONZALEZ,RUTILIA MARISELA","HERNANDEZ GONZALES,RUTILIA MARISELA",9.722.222.222.222.220
"HERNANDEZ GONZALEZ,GUILLERMO","HERNANDEZ GONZALEZ,GUILLERMO",100
"HERNANDEZ LUIS,FRANCISCO","HERNANDEZ LUIS,FRANCISCO",100
"HERNANDEZ MAYA,ROBERTO CARLOS","HERNANDEZ MAYA,ROBERTO CARLOS",100
"HERNANDEZ MUNOZ,ROLANDO EFRAIN","HERNANDEZ MUNOZ,ROLANDO EFRAIN",100
"HERNANDEZ ROJO,MARCO ANTONIO","HERNANDEZ ROJO,MARCO ANTONIO",100
"HERNANDEZ ROMERO,YANET MICAHELA","HERNANDEZ ROMERO,YANET MICAHELA",100
"HERNANDEZ SUAREZ,ROGELIO","HERNANDEZ SUAREZ,ROGELIO",100
"HERNANDEZ CID,AARON","HERNANDEZ,AARON",9.090.909.091
"HERNANDEZ GARAY,ALFONSO","HERNANDEZ,ALFONSO",87.5
"HERNANDEZ PEREZ,ALFREDO","HERNANDEZ,ALFREDO",87.5
"HERNANDEZ MARQUEZ,BENJAMIN","HERNANDEZ,BENJAMIN",8.461.538.461.538.460
"HERNANDEZ SANTOS,CARLOS","HERNANDEZ,CARLOS",86
"HERNANDEZ CRUZ,CESAR","HERNANDEZ,CESAR",8.913.043.478.260.860
"HERNANDEZ,DANIEL","HERNANDEZ,DANIEL",100
"HERNANDEZ NAVA,EVERTH","HERNANDEZ,EVER",7.913.043.478.260.860
"HERNANDEZ VIDAL,GUSTAVO","HERNANDEZ,GUSTAVO",87.5
"HERNANDEZ LOPEZ,HECTOR","HERNANDEZ,HECTOR",87.5
"HERNANDEZ COCOLETZI,HERIBERTO","HERNANDEZ,HERIBERTO",8.214.285.714.285.710
"HERNANDEZ LOPEZ,JUAN MANUEL","HERNANDEZ,JOAN MANUEL",8.295.454.545.454.540
"HERNANDEZ CRUZ,JOSE LUIS","HERNANDEZ,JOSE LUIS",8.913.043.478.260.860
"HERNANDEZ VALENCIA,MARCELINO","HERNANDEZ,MARCELINO",8.333.333.333.333.330
"HERNANDEZ ONATE,MIGUEL ANGEL","HERNANDEZ,MIGUEL ANGEL",87.5
"HERNANDEZ GREEN,NESTOR","HERNANDEZ,NESTOR",87.5
"HERNANDEZ MAR,RAUL","HERNANDEZ,RAUL A",8.090.909.091
"HERNANDEZ AVILA,RICARDO","HERNANDEZ,RICARDO",87.5
"HERNANDEZ RAYGOZA,ROBERTO","HERNANDEZ,ROBERTO",8.461.538.461.538.460
"VEGA ALVARADO,EDUARDO","HERREJON ALVARADO,EDUARDO",8.333.333.333.333.330
"HERRERA ESTRELLA,ALFREDO HERIBERTO","HERRERA ESTRELLA,ALFREDO HERIBERTO",100
"HERRERA ESTRELLA,LUIS RAFAEL","HERRERA ESTRELLA,LUIS RAFAEL",100
"HERRERA GOMEZ,ALBERTO","HERRERA GOMEZ,ALBERTO",100
"HERRERA RUIZ,DEA","HERRERA RUIZ,DEA",100
"HERRERA GOMEZ,ALBERTO","HERRERA,ALBERTO",85
"HERRERA AZTEGUI,LUIS EDUARDO","HERRERA,LUIS EDUARDO",8.181.818.181.818.180
"HODGKINS,ROBERT PETER","HODGKINS,ROBERT PETER",100
"HOOGESTEYN REUL,ALMIRA","HOOGESTEYN,ALMIRA L",8.285.714.285.714.280
"HUERTA BERISTAIN,GERARDO","HUERTA BERISTAIN,GERARDO",100
"IBARRA GAYTAN,PABLO JESUS","IBARRA GAYTAN,PABLO JESUS",100
"IBARRA LACLETTE,ENRIQUE","IBARRA LACLETTE,ENRIQUE",100
"IBARRA VELARDE,OSVALDO FROYLAN","IBARRA VELARDE,OSVALDO FROYLAN",100
"INFANTE MARTINEZ,JOSE RAMIRO","INFANTE MARTINEZ,JOSE RAMIRO",100
"ISLAS ANDRADE,SERGIO AGUSTIN","ISLAS ANDRADE,SERGIO AGUSTIN",100
"ITURRIAGA DE LA FUENTE,GABRIEL","ITURRIAGA DE LA FUENTE,GABRIEL",100
"JALBOUT TAPIA,ABRAHAM FOUAD","JALBOUT,ABRAHAM FOUAD",85
"JARAMILLO VIGUERAS,DAVID","JARAMILLO,DAVID",8.333.333.333.333.330
"JIMENEZ CISNEROS,BLANCA ELENA","JIMENEZ CISNEROS,BLANCA ELENA",100
"JIMENEZ CRUZ,FEDERICO JESUS","JIMENEZ CRUZ,FEDERICO JESUS",100
"JIMENEZ GARCIA,LUIS FELIPE","JIMENEZ GARCIA,LUIS FELIPE",100
"JIMENEZ MANCILLA,NALLELY PATRICIA","JIMENEZ MANCILLA,NALLELY PATRICIA",100
"BUENO JIMENEZ,ALFREDO","JIMENEZ,ALFREDO",85
"JIMENEZ ROYO,FRANCISCO JAVIER","JIMENEZ,FRANCISCO JAVIER JIMENEZ",7.684.210.526.315.780
"JIMENEZ MENDEZ,RICARDO","JIMENEZ,RICARDO",8.333.333.333.333.330
"JOSE Y YACAMAN,MIGUEL","JOSE YACAMAN,MIGUEL",9.615.384.615.384.610
"JUAREZ RUIZ,JUAN MANUEL","JUAREZ RUIZ,JUAN MANUEL",100
"KARAMATH ,JAMES ROBERT","KARAMATH,JAMES ROBERT",100
"KEER RENDON,ARTURO","KEER RENDON,ARTURO",100
"KONTOROVICH MAZOVER,VALERI","KONTOROVICH MAZOVER,VALERI",100
"KUPPUSAMY AMMAL,ILANGOVAN","KUPPUSAMY,ILANGOVAN",87.5
"KURI HARCUCH,WALID","KURI HARCUCH,WALID",100
"KUSSUL,ERNST","KUSSUL,ERNST",100
"LARA MARTINEZ,REYNA","LARA MARTINEZ,REYNA",100
"LARA OCHOA,JOSE MANUEL FRANCISCO","LARA OCHOA,JOSE MANUEL FRANCISCO",100
"LARA OCHOA,JOSE MANUEL FRANCISCO","LARA OCHOA,MANUEL FRANCISCO",9.324.324.324.324.320
"LARA ROSANO,FELIPE DE JESUS","LARA ROSANO,FELIPE DE JESUS",100
"LAREDO SANCHEZ,GEORGINA CECILIA","LAREDO SANCHEZ,GEORGINA CECILIA",100
"LEAL CHAVEZ,DANIEL ARTURO","LEAL CHAVEZ,DANIEL ARTURO",100
"LEDESMA OROZCO,ELIAS RIGOBERTO","LEDESMA OROZCO,ELIAS RIGOBERTO",100
"LEON ROVIRA,NOEL","LEON ROVIRA,NOEL",100
"LEYVA INZUNZA,ZENAIDA CAROLINA","LEYVA INZUNZA,ZENAIDA CAROLINA",100
"LIU,XIANGJIE","LI,XIANG",7.846.153.846.153.840
"LICEA NAVARRO,ALEXEI FEDOROVISH","LICEA NAVARRO,ALEXEI FEDOROVISH",100
"LIKHANOVA,NATALYA VICTOROVNA","LIKHANOVA,NATALYA VICTOROVNA",100
"LIU,XIANGJIE","LIN,YINGJIE",7.333.333.333.333.330
"LI,XIAOOU","LIU,XIAOHUI",7.846.153.846.153.840
"LOPEZ ARREDONDO,DAMAR LIZBETH","LOPEZ ARREDONDO,DAMAR LISBETH",9.615.384.615.384.610
"LOPEZ BUCIO,JOSE","LOPEZ BUCIO,JOSE",100
"LOPEZ CANOVAS,LILIA","LOPEZ CANOVA,LILIA",98
"LOPEZ CANOVAS,LILIA","LOPEZ CANOVAS,LILIA",100
"LOPEZ CERVANTES,JAIME","LOPEZ CERVANTES,JAIME",100
"LOPEZ CUEVAS,JORGE","LOPEZ CUEVAS,JORGE",100
"LOPEZ DE HARO,MARIANO","LOPEZ DE HARO,MARIANO",100
"LOPEZ DIAZ DE LEON,CARLOS","LOPEZ DIAZ,CARLOS",8.571.428.571.428.570
"LOPEZ GOERNE,TESSY MARIA","LOPEZ GOERNE,TESSY MARIA",100
"LOPEZ GOMEZ,RONALD VICTOR MANUEL","LOPEZ GOMEZ,RONALD VICTOR MANUEL",100
"LOPEZ LAGUNAS,ABELARDO","LOPEZ LAGUNAS,ABELARDO",100
"LOPEZ LIMA,JOSE DANIEL","LOPEZ LIMA,JOSE DANIEL",100
"LOPEZ MACIAS,CONSTANTINO III ROBERTO","LOPEZ MACIAS, III,CONSTANTINO ROBERTO",9.130.434.782.608.690
"LOPEZ MACIAS,CONSTANTINO III ROBERTO","LOPEZ MACIAS,CONSTANTINO III ROBERTO",100
"LOPEZ MACIAS,CONSTANTINO III ROBERTO","LOPEZ MACIAS,CONSTANTINO ILL ROBERTO",9.565.217.391.304.340
"LOPEZ MEYER,PAULO","LOPEZ MEYER,PAULO",100
"LOPEZ ORTIZ,ALEJANDRO","LOPEZ ORTIZ,ALEJANDRO",100
"LOPEZ RAMIREZ,SIMON","LOPEZ RAMIREZ,SIMON",100
"LOPEZ SALINAS,ESTEBAN","LOPEZ SALINAS,ESTEBAN",100
"LOPEZ SERRANO RAMOS,FRANCISCO","LOPEZ SERRANO RAMOS,FRANCISCO",100
"LOPEZ VIDAL,YOLANDA","LOPEZ VIDAL,YOLANDA",100
"LOPEZ ZAVALA,MIGUEL ANGEL","LOPEZ ZAVALA,MIGUEL ANGEL",100
"LOPEZ GOMEZ,ANGEL","LOPEZ,ANGEL",81.25
"LOPEZ REYES,ANTONIO","LOPEZ,ANTONIO",81.25
"LOPEZ LUNA,EDGAR","LOPEZ,EDGARDO",75
"LOPEZ LOPEZ,EDUARDO","LOPEZ,EDUARDO",81.25
"LOPEZ LOERA,HECTOR","LOPEZ,HECTOR",81.25
"LOPEZ LOPEZ,JORGE LUIS","LOPEZ,JORGE LOUIS",7.886.904.761.904.760
"LOPEZ,JUAN","LOPEZ,JUAN",100
"LOPEZ,JUAN","LOPEZ,JUAN E",90
"LOPEZ SOSA,LUIS","LOPEZ,LUIS",8.333.333.333.333.330
"LOPEZ GOMEZ,MARIO","LOPEZ,MARIO",81.25
"CRUZ LOPEZ,MIGUEL","LOPEZ,MIGUEL",8.333.333.333.333.330
"RIVAS LOPEZ,MOISES","LOPEZ,MOISES",81.25
"LOPEZ LIRA,NIDIA","LOPEZ,NYDIA",7.333.333.333.333.330
"LOPEZ GOMEZ,RODOLFO","LOPEZ,RODOLFO",81.25
"DIAZ LOPEZ,RUBEN","LOPEZ,RUBEN M",75
"LORIA BASTARRACHEA,MARIA ISABEL DE LOS DOLORES","LORIA BASTARRACHEA,MARIA ISABEL DE LOS DOLORES",100
"LOZADA Y CASSOU,MARCELO","LOZADA Y CASSOU,MARCELO",100
"LUJAN MONTELONGO,JESUS ARMANDO","LUJAN MONTELONGO,JESUS ARMANDO",100
"LUNA AGUILAR,ESTEBAN ANTOLIN","LUNA AGUILAR,ESTEBAN ANTOLIN",100
"LUNA GARCIA,JESUS","LUNA GARCIA,JESUS",100
"LUNA GUTIERREZ,MYRNA ALEJANDRA","LUNA GUTIERREZ,MYRNA ALEJANDRA",100
"LUNA PINEDA,VICTOR MANUEL","LUNA PINEDA,VICTOR MANUEL",100
"LUNA PIZARRO,DANIEL","LUNA PIZARRO,DANIEL",100
"LUNA ROJERO,ERICK EMANUEL","LUNA ROJERO,ERICK EMANUEL",100
"MALDONADO CORTES,DEMOFILO","MALDONADO CORTES,DEMOFILO",100
"MALDONADO RODRIGUEZ,ROGELIO","MALDONADO RODRIGUEZ,ROGELIO",100
"MANUCHARYAN,KAREN","MANUCHARYAN,KAREN",100
"MAR JUAREZ,ELIZABETH","MAR JUAREZ,ELIZABETH",100
"MARIN CRUZ,JESUS","MARIN CRUZ,JESUS",100
"MARIN ROSAS,CELIA","MARIN ROSAS,CELIA",100
"MARIN CRUZ,JESUS","MARINI,JESUS",81.25
"MARINO MARMOLEJO,ERIKA NAHOMY","MARINO MARMOLEJO,ERIKA NAHOMY",100
"MARQUEZ LUCERO,ALFREDO","MARQUEZ LUCERO,ALFREDO",100
"MARQUEZ NAVARRO,ADRIAN","MARQUEZ,ADRIAN",8.181.818.181.818.180
"MARQUEZ RUBIO,JUAN FRANCISCO","MARQUEZ,JOSE FRANCISCO",7.428.571.428.571.420
"MARROQUIN SANCHEZ,GUSTAVO JESUS","MARROQUIN SANCHEZ,GUSTAVO JESUS",100
"MARTIN DEL CAMPO LOPEZ,FABIOLA","MARTIN DEL CAMPO LOPEZ,FABIOLA",100
"MARTINEZ TELLEZ,MIGUEL ANGEL","MARTIN TELLEZ,MIGUEL ANGEL",9.642.857.142.857.140
"MARTINEZ ALANIS,MAURICIO","MARTINEZ ALANIS,MAURICIO",100
"MARTINEZ BUSTOS,FERNANDO","MARTINEZ BUSTOS,FERNANDO",100
"MARTINEZ CASTANON,GABRIEL ALEJANDRO","MARTINEZ CASTANON,GABRIEL ALEJANDRO",100
"MARTINEZ CHAPA,SERGIO OMAR","MARTINEZ CHAPA,SERGIO OMAR",100
"MARTINEZ GOMEZ,ALVARO DE JESUS","MARTINEZ GOMEZ,ALVARO DE JESUS",100
"MARTINEZ GOMEZ,LORENZO","MARTINEZ GOMEZ,LORENZO",100
"MARTINEZ JARQUIN,SANDRA","MARTINEZ JARQUIN,SANDRA",100
"MARTINEZ JIMENEZ,ALFREDO","MARTINEZ JIMENEZ,ALFREDO",100
"MARTINEZ MAGADAN,JOSE MANUEL","MARTINEZ MAGADAN,JOSE MANUEL",100
"MARTINEZ MARTINEZ DE LA ESCALERA,LORENZO","MARTINEZ MARTINEZ DE LA ESCALARA,LORENZO",984.375
"MARTINEZ PALOU,RAFAEL","MARTINEZ PALOU,RAFAEL",100
"MARTINEZ ROMERO,OSCAR","MARTINEZ ROMERO,OSCAR",100
"MARTINEZ TELLEZ,MIGUEL ANGEL","MARTINEZ TELLEZ,MIGUEL ANGEL",100
"MARTINEZ RIOS,ALEJANDRO","MARTINEZ,ALEJANDRO",880.952.381
"MARTINEZ RIOS,ALEJANDRO","MARTINEZ,ALEJANDRO LEON",7.722.567.287.784.670
"MARTINEZ RICHA,ANTONIO","MARTINEZ,ANTONIO",8.636.363.636.363.630
"MARTINEZ NUNEZ,CARLOS EDUARDO","MARTINEZ,CARLOS EDUARDO",8.636.363.636.363.630
"MARTINEZ VERA,CARLOS","MARTINEZ,CARLOS L",8.095.238.095.238.090
"MARTINEZ FONG,DANIEL","MARTINEZ,DANIEL",880.952.381
"MARTINEZ MARIN,EDUARDO","MARTINEZ,EDUARDO",8.636.363.636.363.630
"MARTINEZ MONTES,FEDERICO","MARTINEZ,FEDERICO",8.478.260.869.565.210
"MARTINEZ RUIZ,HECTOR","MARTINEZ,HECTOR G",8.095.238.095.238.090
"MARTINEZ OCHOA,HUGO","MARTINEZ,HUGO",8.636.363.636.363.630
"MARTINEZ CORTES,ISMAEL","MARTINEZ,ISMAEL",8.478.260.869.565.210
"MARTINEZ ROSAS,JUAN CARLOS","MARTINEZ,JUAN CARLOS",8.636.363.636.363.630
"MARTINEZ SOTO,JUAN MANUEL","MARTINEZ,JUAN MANUEL",880.952.381
"MARTINEZ ANDRADE,LUIS","MARTINEZ,LUIS",8.333.333.333.333.330
"MARTINEZ ANDRADE,LUIS","MARTINEZ,LUIS M",7.333.333.333.333.330
"MARTINEZ MARES,MOISES","MARTINEZ,MOISES",8.636.363.636.363.630
"MAS OLIVA,JAIME","MAS OLIVA,JAIME",100
"MASCORRO GALLARDO,JOSE OSCAR","MASCORRO GALLARDO,JOSE OSCAR",100
"MAYA FLORES,ETEL","MAYA FLORES,ETEL",100
"MEAS VONG,YUNNY","MEAS VONG,YUNNY",100
"MEDINA MENDOZA,ANA KARINA","MEDINA MENDOZA,ANA KARINA",100
"LOPEZ MEDINA,RICARDO","MEDINA,RICARDO",8.333.333.333.333.330
"MEJIA CENTENO,ISIDRO","MEJIA CENTENO,ISIDRO",100
"MEJIA PEREZ,GUSTAVO","MEJIA PEREZ,GUSTAVO",100
"MELGAR FERNANDEZ,ROBERTO CARLOS","MELGAR FERNANDEZ,ROBERTO CARLOS",100
"MENA CERVANTES,VIOLETA YASMIN","MENA CERVANTES,VIOLETA YASMIN",100
"MENA CERVANTES,VIOLETA YASMIN","MENA CERVANTES,VIOLETA YAZMIN",9.642.857.142.857.140
"MENDEZ TENORIO,ALFONSO","MENDEZ TENORIO,ALFONSO",100
"MENDEZ BLAS,ANTONIO","MENDEZ,ANTONIO",8.529.411.764.705.880
"MENDEZ DORADO,MARIO ALBERTO","MENDEZ,MARIO ALBERTO",8.157.894.736.842.100
"MENDOZA DE LA CRUZ,JOSE LUIS","MENDOZA DE LA CRUZ,JOSE LUIS",100
"MENDOZA DE LA CRUZ,JOSE LUIS","MENDOZA DE LA CRUZ,JOSELUIS",9.705.882.352.941.170
"MENDOZA DUARTE,MONICA ELVIRA","MENDOZA DUARTE,MONICA ELVIRA",100
"MENDOZA,CARLOS","MENDOZA,CARLOS",100
"MENDEZ LOZANO,JESUS","MENDOZA,JESUS",85
"MENDEZ DIAZ,MONICA","MENDOZA,MONICA",8.333.333.333.333.330
"MENDOZA GOMEZ,RODOLFO","MENDOZA,RODOLFO",85
"MENESES RUIZ,EDITH","MENESES RUIZ,EDITH",100
"MERCADO CRUZ,EDUARDO","MERCADO,EDUARDO",8.684.210.526.315.780
"GARCIA GARCIA,JESUS ALBERTO","MEXICANO GARCIA,JESUS ALBERTO",8.214.285.714.285.710
"MIJAREZ CASTRO,RITO","MIJAREZ CASTRO,RITO",100
"MIKI YOSHIDA,MARIO","MIKI YOSHIDA,MARIO",100
"MIRANDA GUERRERO,ROBERTO","MIRANDA GUERRERO,ROBERTO",100
"MIRANDA OLVERA,ALMA DELIA","MIRANDA OLVERA,ALMA DELIA",100
"MIRANDA LOPEZ,FRANCISCO","MIRANDA,FRANCISCO",85
"MIRELES JR. GARCIA,JOSE","MIRELES JR GARCIA,JOSE",9.857.142.857.142.850
"MIRIDONOV,SERGUEI","MIRIDONOV,SERGUEI",100
"MOCTEZUMA BERTHIER,ANDRES EDUARDO","MOCTEZUMA BERTHIER,ANDRES EDUARDO",100
"MOLINA TORRES,JORGE","MOLINA TORRES,JORGE",100
"MONDRAGON GONZALEZ,RICARDO","MONDRAGON GONZALEZ,RICARDO",100
"MONDRAGON VASQUEZ,KARINA","MONDRAGON VASQUEZ,KARINA",100
"MONTESINOS GOMEZ,ROSA DEL CARMEN","MONTESINOS GOMEZ,ROSA DEL CARMEN",100
"MONTIEL SANCHEZ,LUISA ELENA","MONTIEL SANCHEZ,LUISA ELENA",100
"MONTOYA DE LA FUENTE,J. ASCENCION","MONTOYA DE LA FUENTE,J ASCENCION",9.782.608.695.652.170
"MONTOYA DE LA FUENTE,J. ASCENCION","MONTOYA DE LA FUENTE,J ASCENSION",9.347.826.086.956.520
"MORA VALLEJO,RODOLFO JUVENTINO","MORA VALLEJO,RODOLFO JUVENTINO",100
"MORALES CORONA,JUAN","MORALES CORONA,JUAN",100
"MORALES GUADARRAMA,JUAN CARLOS AXAYACATL","MORALES GUADARRAMA,JUAN CARLOS AXAYACATL",100
"MORALES REYES,ALICIA","MORALES REYES,ALICIA",100
"MORALES ROJAS,HUGO","MORALES ROJAS,HUGO",100
"MORALES VILLAGRAN,ALBERTO","MORALES VILLAGRAN,ALBERTO",100
"MORALES WONG,FERNANDO","MORALES,FERNANDO L",8.128.654.970.760.230
"MORALES LEAL,FRANCISCO JOSE","MORALES,FRANCISCO J",8.084.210.526.315.780
"MORALES RIVAS,JESUS","MORALES,JESUS R",7.666.666.666.666.660
"MORALES MONTOR,JORGE","MORALES,JORGE",8.333.333.333.333.330
"MORALES ACEVEDO,JOSE ADRIAN","MORALES,JOSE ADRIAN PAEZ",7.255.892.255.892.250
"MONREAL ROBLES,ROBERTO","MORALES,ROBERTO",8.333.333.333.333.330
"MORALES TLALPAN,VERONICA","MORALES,VERONICA",8.181.818.181.818.180
"MORAN PINEDA,FLORENCIA MARINA","MORAN PINEDA,FLORENCIA MARINA",100
"MORENO GOMEZ,ALEJANDRO","MORENO,ALEJANDRO",8.333.333.333.333.330
"MORENO BLAS,DANIEL","MORENO,DANIEL J",7.815.126.050.420.160
"MORENO PEREZ,JAIME","MORENO,JAIME",8.333.333.333.333.330
"MORENO RAZO,JOSE ANTONIO","MORENO,JOSE ANTONIO",8.529.411.764.705.880
"MORENO IBARRA,MARCO","MORENO,MARCO",8.157.894.736.842.100
"MORENO IBARRA,MARCO","MORENO,MARCOS",7.703.349.282.296.650
"MORONES RAMIREZ,JOSE RUBEN","MORONES RAMIREZ,J RUBEN",9.117.647.058.823.520
"MOUSATOV,ALEKSANDR","MOUSATOV,ALEKSANDR",100
"MUNOZ ARROYO,JOSE ANTONIO","MUNOZ ARROYO,JOSE ANTONIO",100
"MUNOZ MOYA,JOSE ANTONIO DOMINGO","MUNOZ MOYA,JOSE ANTONIO D",9.117.647.058.823.520
"MURILLO LICEA,DANIEL","MURILLO,DANIEL",85
"MURRIETA GUEVARA,FLORENTINO RAFAEL","MURRIETA GUEVARA,FLORENTINO RAFAEL",100
"NAGAMEDIANOVA,ZOULFIA","NAGAMEDIANOVA,ZOULFIA",100
"NAKAMURA LABASTIDA,EDGAR KIYOSHI","NAKAMURA LABASTIDA,EDGAR KIYOSHI",100
"NAVA DOMINGUEZ,PORFIRIO","NAVA DOMINGUEZ,PORFIRIO",100
"NAVA LARA,MARIA DEL ROCIO","NAVA LARA,MARIA DEL ROCIO",100
"NAVARRETE BOLANOS,JUAN","NAVARRETE BOLANOS,JUAN",100
"NEIRA VELAZQUEZ,MARIA GUADALUPE","NEIRA VELAZQUEZ,MARIA GUADALUPE",100
"NIETO ALVAREZ,DAVID ARROON","NIETO ALVAREZ,DAVID AARON",9.347.826.086.956.520
"NUNEZ ROJAS,EDUARDO","NUNEZ,EDUARDO",81.25
"OCAMPO GARCIA,BLANCA ELI","OCAMPO GARCIA,BLANCA ELI",100
"OCAMPO PEREZ,RAUL","OCAMPO,RAUL",8.333.333.333.333.330
"OGURA,TETSUYA","OGURA,TETSUYA",100
"OJEDA CASTANEDA,JORGE","OJEDA CASTANEDA,JORGE",100
"OLAYO GONZALEZ,MARIA GUADALUPE","OLAYO GONZALEZ,MARIA GUADALUPE",100
"OLAYO GONZALEZ,ROBERTO","OLAYO GONZALEZ,ROBERTO",100
"OLGUIN LORA,PATRICIA","OLGUIN LORA,PATRICIA",100
"OLIVARES LECONA,JOSE ALBERTO","OLIVARES LECONA,JOSE ALBERTO",100
"OLIVARES XOMETL,CRESCENCIO OCTAVIO","OLIVARES XOMETL,CRESCENCIO OCTAVIO",100
"OLVERA RODRIGUEZ,ALEJANDRO","OLVERA RODRIGUEZ,ALEJANDRO",100
"ORDONEZ PALACIOS,JOSE MARIO","ORDONEZ PALACIOS,JOSE MARIO",100
"ORONA DOMINGUEZ,LUIS MIGUEL","ORDONEZ,LUIS MIGUEL",8.181.818.181.818.180
"ORDUNA REYES,ERNESTO","ORDUNA REYES,ERNESTO",100
"ORNELAS DAVILA,OMAR","ORNELAS DAVILA,OMAR",100
"ORNELAS GUTIERREZ,CARLOS ELIAS","ORNELAS GUTIERREZ,CARLOS ELIAS",100
"OROZCO CIRILO,SERGIO","OROZCO,SERGIO",8.157.894.736.842.100
"ORRANTIA BORUNDA,ERASMO","ORRANTIA BORUNDA,ERASMO",100
"ORTEGA BORGES,RAUL MARTIN","ORTEGA BORGES,RAUL MARTIN",100
"ORTEGA GARCIA,BEATRIZ","ORTEGA GARCIA,BEATRIZ",100
"ORTEGA GARCIA,FELIPE DE JESUS","ORTEGA GARCIA,FELIPE DE JESUS",100
"ORTEGA RODRIGUEZ,ALEJANDRO","ORTEGA RODRIGUEZ,ALEJANDRO",100
"ORTIZ ALEMAN,JOSE CARLOS","ORTIZ ALEMAN,JOSE  CARLOS",9.782.608.695.652.170
"CORTEZ RUIZ,CARLOS","ORTIZ,CARLOS",81.25
"OVIEDO ROA,RAUL","OVIEDO ROA,RAUL",100
"PACHECO PACHECO,MARQUIDIA JOSSELINE","PACHECO PACHECO,MARQUIDIA JOSSELINE",100
"PACHECO SOTELO,JOEL OSBALDO","PACHECO SOTELO,JOEL OSVALDO",9.583.333.333.333.330
"PACHECO Y ALCALA,UBALDO SADOTT","PACHECO Y ALCALA,UBALDO SADOTT",100
"PADILLA ALTAMIRA,CESAR","PADILLA,CESAR",8.043.478.260.869.560
"PADILLA OSUNA,ISMAEL","PADILLA,ISRAEL",7.666.666.666.666.660
"PALACIOS GONZALEZ,EDUARDO","PALACIOS GONZALEZ,EDUARDO",100
"PALAFOX RAMOS,JORGE","PALAFOX RAMOS,JORGE",100
"PALOMEQUE SANTIAGO,JORGE FROYLAN","PALOMEQUE SANTIAGO,JORGE FROYLAN",100
"PANIAGUA CHAVEZ,CARMEN GUADALUPE","PANIAGUA CHAVEZ,CARMEN GUADALUPE",100
"PANIAGUA SOLIS,JORGE FERNANDO","PANIAGUA SOLIS,JORGE FERNANDO",100
"PARDO LOPEZ,LILIANA","PARDO LOPEZ,LILIANA",100
"PARIONA MENDOZA,NICOLAZA","PARIONA MENDOZA,NICOLAZA",100
"PARRA SALDIVAR,ROBERTO","PARRA SALDIVAR,ROBERTO",100
"PAZ MICHEL,BRENDA ASTRID","PAZ MICHEL,BRENDA ASTRID",100
"PEDRAZA ESCALONA,MARIA MARTHA","PEDRAZA ESCALONA,MARIA MARTHA",100
"PEDROZA ISLAS,RUTH","PEDROZA ISLAS,RUTH",100
"PENA CABRERA,EDUARDO","PENA CABRERA,EDUARDO",100
"PENA CAMPOS,FERNANDO","PENA CAMPOS,FERNANDO",100
"PENA DUQUE,MARCO ANTONIO","PENA DUQUE,MARCO ANTONIO",100
"PENA PARAS,LAURA","PENA PARAS,LAURA",100
"PERAZA ECHEVERRIA,SANTY","PERAZA ECHEVERRIA,SANTY",100
"PERCINO ZACARIAS,MARIA JUDITH","PERCINO ZACARIAS,MARIA JUDITH",100
"PEREIRA SANTANA,ALEJANDRO","PEREIRA SANTANA,ALEJANDRO",100
"PERERA MERCADO,YIBRAN ARGENIS","PERERA MERCADO,YIBRAN ARGENIS",100
"PEREZ GALLARDO,ALFONSO","PEREZ GALLARDO,ALFONSO",100
"PEREZ GONZALEZ,RAUL","PEREZ GONZALEZ,RAUL",100
"PEREZ LUNA,MIGUEL","PEREZ LUNA,MIGUEL",100
"PEREZ MORENO,VICTOR","PEREZ MORENO,VICTOR",100
"PEREZ PEREZ,GABRIEL","PEREZ PEREZ,GABRIEL",100
"PEREZ ROBLES,JUAN FRANCISCO","PEREZ ROBLES,JUAN FRANCISCO",100
"PEREZ ROMO,PATRICIA","PEREZ ROMO,PATRICIA",100
"PEREZ SANCHEZ,ALFONSO","PEREZ SANCHEZ,ALFONSO",100
"PEREZ TAPIA,SONIA MAYRA","PEREZ TAPIA,SONIA MAYRA",100
"PEREZ TORRES,ARMANDO","PEREZ TORRES,ARMANDO",100
"PEREZ TORRES,CLAUDIA ANAHI","PEREZ TORRES,CLAUDIA ANAHI",100
"PEREZ CRUZ,CLAUDIA","PEREZ,CLAUDIA",8.333.333.333.333.330
"PEREZ GUIDO,HECTOR","PEREZ,HECTOR",81.25
"PEREZ DIAZ,IVAN","PEREZ,IVAN",8.333.333.333.333.330
"PEREZ SILVA,JOSE LUIS","PEREZ,JORGE LUIS",7.335.526.315.789.470
"PEREZ SATO,MARCOS","PEREZ,MARCOS",8.333.333.333.333.330
"PEREZ PENA,RAFAEL","PEREZ,RAFAEL",8.333.333.333.333.330
"PEZZOTTI ROBLETO,FABIO","PEZZOTTI ROBLETO,FABIO",100
"PINEDA HERRERA,MARIBEL","PINEDA HERRERA,MARIBEL",100
"PIZA RUIZ,PEDRO","PIZA RUIZ,PEDRO",100
"PLASCENCIA MORA,HECTOR","PLASCENCIA MORA,HECTOR",100
"PLIEGO CARRILLO,ADRIANA CRISTINA","PLIEGO CARRILLO,ADRIANA CRISTINA",100
"PONCE PEDRAZA,ARTURO","PONCE PEDRAZA,ARTURO",100
"PONCE CRUZ,PEDRO","PONCE,PEDRO R",75
"PONS JIMENEZ,MIRNA","PONS JIMENEZ,MIRNA",100
"PORTALES MARTINEZ,BENJAMIN","PORTALES MARTINEZ,BENJAMIN",100
"POSSANI POSTAY,LOURIVAL DOMINGOS","POSSANI POSTAY,LOURIVAL DOMINGOS",100
"QUEJ AKE,LUIS MANUEL","QUEJ AKE,LUIS MANUEL",100
"QUEZADA RIVERA,JESUS JOSAFATH","QUEZADA RIVERA,JESUS JOSAFATH",100
"QUINTANA SOLORZANO,ROBERTO","QUINTANA SOLORZANO,ROBERTO",100
"QUINTANAR GUERRERO,DAVID","QUINTANAR,DAVID",8.333.333.333.333.330
"QUINTANILLA MARTINEZ,JUAN","QUINTANILLA,JUAN",8.548.387.096.774.190
"QUIROZ MERCADO,HUGO","QUIROZ MERCADO,HUGO",100
"RAMIREZ AMADOR,SERGIO","RAMIREZ AMADOR,SERGIO",100
"RAMIREZ DE SANTIAGO,MARIO","RAMIREZ DE SANTIAGO,MARIO",100
"RAMIREZ GARNICA,MARCO ANTONIO","RAMIREZ GARNICA,MARCO ANTONIO",100
"RAMIREZ PEREZ,JORGE FRANCISCO","RAMIREZ PEREZ,JORGE FRANCISCO",100
"RAMIREZ SABAG,JETZABETH","RAMIREZ SABAG,JETZABETH",100
"RAMIREZ SALGADO,JOEL","RAMIREZ SALGADO,JOEL",100
"RAMIREZ SOLIS,JORGE FERNANDO","RAMIREZ SOLIS,JORGE FERNANDO",100
"RAMIREZ VERDUZCO,LUIS FELIPE","RAMIREZ VERDUZCO,LUIS FELIPE",100
"RAMIREZ ARANDA,MANUEL","RAMIREZ,MANUEL",8.333.333.333.333.330
"RAMIREZ LEPE,MARIO","RAMIREZ,MARIO",8.684.210.526.315.780
"RAMIREZ RAMIREZ,NORMA","RAMIREZ,NORMA",8.181.818.181.818.180
"RAMIREZ GARCIA,PEDRO","RAMIREZ,PEDRO",8.333.333.333.333.330
"RAMOS MURILLO,MANUEL ANTONIO","RAMOS MURILLO,MANUEL ANTONIO",100
"RAMOS ORTIZ,GABRIEL","RAMOS ORTIZ,GABRIEL",100
"RANA,MOHAN SINGH","RANA,MOHAN SINGH",100
"RANGEL MENDEZ,JOSE RENE","RANGEL MENDEZ,JOSE RENE",100
"RANGEL HUERTA,JOSE ALEJANDRO","RANGEL,ALEJANDRO",7.070.938.215.102.970
"RAYO MAYORAL,PATRICIA","RAYO MAYORAL,PATRICIA",100
"RAZO FLORES,ELIAS","RAZO FLORES,ELIAS",100
"REYES ESPARZA,JORGE ALBERTO","REYES ESPARZA,JORGE ALBERTO",100
"REYES MARTINEZ,REYNA","REYES MARTINEZ,REYNA",100
"REYES TABOADA,JOSE LUIS","REYES TABOADA,JOSE L",90
"REYES VIDAL,MARIA YOLANDA","REYES VIDAL,MARIA YOLANDA",100
"REYES GASGA,JOSE","REYES,JOSE",81.25
"REYES MURO,LUIS","REYES,LUIS",8.333.333.333.333.330
"RIANO UMBARILA,LIDIA","RIANO UMBARILA,LIDIA",100
"RIOS CASTANEDA,LUIS CAMILO","RIOS CASTANEDA,LUIS CAMILO",100
"RIOS JARA,DAVID","RIOS JARA,DAVID",100
"RITO PALOMARES,MARCO ANTONIO","RITO PALOMARES,MARCO ANTONIO",100
"RIVAS CACERES,RAYMUNDO RENE","RIVAS CACERES,RAYMUNDO RENE",100
"RIVAS LOPEZ,ARIEL LUIS","RIVAS,ARIEL L",7.242.647.058.823.520
"RIVERA SOLORIO,CARLOS IVAN","RIVERA SOLORIO,CARLOS IVAN",100
"RIVERA LOPEZ,RAFAEL","RIVERA,RAFAEL",8.333.333.333.333.330
"RIVERON ROJAS,ANA MARIA","RIVERON ROJAS,ANA MARIA",100
"RIVILLAS ACEVEDO,LINA ANDREA","RIVILLAS ACEVEDO,LINA ANDREA",100
"ROBLES ORTIZ,DAVID","ROBERTS,DAVID",8.157.894.736.842.100
"ROBLES LOPEZ,ROGELIO","ROBLES,ROGELIO",8.333.333.333.333.330
"RODRIGUEZ ALCAZAR,JORGE","RODRIGUEZ ALCAZAR,JORGE",100
"RODRIGUEZ DE ANDA,EDUARDO","RODRIGUEZ DE ANDA,EDUARDO",100
"RODRIGUEZ DOMINGUEZ,JOSE MANUEL","RODRIGUEZ DOMINGUEZ,JOSE MANUEL",100
"RODRIGUEZ FERNANDEZ,OLIVERIO SANTIAGO","RODRIGUEZ FERNANDEZ,OLIVERIO SANTIAGO",100
"RODRIGUEZ FIGUEROA,JOSE CARLOS","RODRIGUEZ FIGUEROA,JOSE CARLOS",100
"RODRIGUEZ GONZALEZ,CLAUDIA ALEJANDRA","RODRIGUEZ GONZALEZ,CLAUDIA ALEJANDRA",100
"RODRIGUEZ GUADARRAMA,LUIS ANTONIO","RODRIGUEZ GUADARRAMA,LUIS ANTONIO",100
"RODRIGUEZ LEAL,ERNESTO","RODRIGUEZ LEAL,ERNESTO",100
"RODRIGUEZ LELIS,JOSE MARIA","RODRIGUEZ LELIS,JOSE MARIA",100
"RODRIGUEZ LOPEZ,CARLOS EDUARDO","RODRIGUEZ LOPEZ,CARLOS EDUARDO",100
"RODRIGUEZ RODRIGUEZ,JOAQUIN HECTOR","RODRIGUEZ RODRIGUEZ,JOAQUIN HECTOR",100
"RODRIGUEZ SALINAS,JUAN JOSE","RODRIGUEZ SALINAS,JUAN JOSE",100
"RODRIGUEZ SANCHEZ,DARIANA GRACIELA","RODRIGUEZ SANCHEZ,DARIANA GRACIELA",100
"RODRIGUEZ ZAPATA,LUIS CARLOS","RODRIGUEZ ZAPATA,LUIS CARLOS",100
"RODRIGUEZ RIOS,ANDRES","RODRIGUEZ,ANDRES",8.913.043.478.260.860
"RODRIGUEZ MORENO,ANGEL","RODRIGUEZ,ANGEL",86
"RODRIGUEZ BEAS,CESAR","RODRIGUEZ,CESAR",8.913.043.478.260.860
"RODRIGUEZ RUIZ,CHRISTIAN","RODRIGUEZ,CHRISTIAN",8.913.043.478.260.860
"RODRIGUEZ MENDEZ,DIANA","RODRIGUEZ,DIANA",86
"RODRIGUEZ HERREJON,GUILLERMO FERNANDO","RODRIGUEZ,GILBERTO FERNANDO",7.619.047.619
"RODRIGUEZ GOMEZ,GUSTAVO","RODRIGUEZ,GUSTAVO",87.5
"RODRIGUEZ RANGEL,HECTOR","RODRIGUEZ,HECTOR",86
"RODRIGUEZ RAMIREZ,JUAN","RODRIGUEZ,JUAN",8.461.538.461.538.460
"RODRIGUEZ RAMIREZ,JUAN","RODRIGUEZ,JUAN G",7.461.538.461.538.460
"RODRIGUEZ PEREZ,VICTOR","RODRIGUEZ,VICTOR M",8.035.714.285.714.280
"RODRIGUEZ IGLESIAS,VLADIMIR","RODRIGUEZ,VLADIMIR CANO",7.142.857.142.857.140
"RODRIGUEZ SALINAS,JUAN JOSE","RODRIQUEZ SALINAS,JUAN JOSE",9.705.882.352.941.170
"ROJAS AVELIZAPA,NORMA GABRIELA","ROJAS AVELIZAPA,NORMA GABRIELA",100
"ROJAS GARCIA,JOSE MANUEL","ROJAS GARCIA,JOSE MANUEL",100
"ROJAS GEORGE,GABRIEL","ROJAS GEORGE,GABRIEL",100
"ROLDAN CARRILLO,TERESA GUADALUPE","ROLDAN CARRILLO,TERESA GUADALUPE",100
"ROMAN AGUIRRE,MANUEL","ROMAN AGUIRRE,MANUEL",100
"ROMERO GARCIA,JORGE","ROMERO GARCIA,JORGE",100
"RONICKE,STEPHAN","RONICKE,STEPHAN",100
"ROSADO LORIA,JORGE LUIS","ROSADO LORIA,JORGE LUIS",100
"RUBIO PONCE,ALBERTO","RUBIO,ALBERTO E",75
"RUELAS LEPE,RUBEN","RUELAS LEPE,RUBEN",100
"RUIZ CRUZ,RIEMANN","RUIZ CRUZ,RIEMANN",100
"RUIZ MORALES,YOSADARA","RUIZ MORALES,YOSADARA",100
"RUIZ RUIZ,FEDERICO AUGUSTO","RUIZ RUIZ,FEDERICO AUGUSTO",100
"RUIZ SCHNEIDER,ELFEGO GUILLERMO","RUIZ SCHNEIDER,ELFEGO GUILLERMO",100
"RUIZ X,FACUNDO","RUIZ,FACUNDO",90
"RUIZ AYMA,GABRIEL","RUIZ,GABRIEL",8.076.923.076.923.070
"SALAS CASALES,LUIS","SALAS CASALES,LUIS",100
"SALAZAR SANCHEZ,JUAN CARLOS","SALAZAR,JUAN CARLOS",8.181.818.181.818.180
"SALAZAR RAMIREZ,MANUEL","SALAZAR,MANUEL",8.181.818.181.818.180
"SALAZAR MENDOZA,RUBEN","SALAZAR,RUBEN",8.181.818.181.818.180
"SALDIVAR GUERRA,ENRIQUE","SALDIVAR GUERRA,ENRIQUE",100
"SALGADO CEBALLOS,HERMELINDA","SALGADO CEBALLOS,HERMELINDA",100
"SALMON SALAZAR,MANUEL DE JESUS","SALMON SALAZAR,MANUEL DE JESUS",100
"SANCHEZ CASTILLO,JOAQUIN","SANCHES CASTILLO,JOAQUIN",96.875
"SANCHEZ CAMPOS,LILIANA NOEMI","SANCHEZ CAMPOS,LILIANA NOEMI",100
"SANCHEZ CANTU,MANUEL","SANCHEZ CANTU,MANUEL",100
"SANCHEZ CASTREJON,EDNA","SANCHEZ CASTREJON,EDNA",100
"SANCHEZ GARCIA,SERGIO","SANCHEZ GARCIA,SERGIO",100
"SANCHEZ GARCIA,VERONICA","SANCHEZ GARCIA,VERONICA",100
"SANCHEZ LLAMAZARES,JOSE LUIS","SANCHEZ LLAMAZARES,JOSE LUIS",100
"SANCHEZ LOPEZ,ROSANA","SANCHEZ LOPEZ,ROSANA",100
"SANCHEZ MACHADO,DALIA ISABEL","SANCHEZ MACHADO,DALIA ISABEL",100
"SANCHEZ MIRANDA,MANUEL DE JESUS","SANCHEZ MIRANDA,MANUEL DE JESUS",100
"SANCHEZ PARDO,MARIA ELENA","SANCHEZ PARDO,MARIA ELENA",100
"SANCHEZ SCHMITZ,GUZMAN GERARDO ALFONSO","SANCHEZ SCHMITZ,GUZMAN GERARDO ALFONSO",100
"SANCHEZ SINENCIO,FELICIANO","SANCHEZ SINENCIO,FELICIANO",100
"SANCHEZ VALDES,CESAR FIDEL","SANCHEZ VALDES,CESAR FIDEL",100
"SANCHEZ VALENTE,JAIME","SANCHEZ VALENTE,JAIME",100
"SANCHEZ MEDINA,ALBERTO","SANCHEZ,ALBERTO",8.333.333.333.333.330
"SANCHEZ PAJARO,ANDRES","SANCHEZ,ANDREA",75
"SANCHEZ SOLIS,ANTONIO","SANCHEZ,ANTONIO",85
"SANCHEZ INFANTE,AUDEL","SANCHEZ,AUDEL A",7.348.484.848.484.840
"SANCHEZ OCAMPO,CESAR","SANCHEZ,CESAR",8.333.333.333.333.330
"SANCHEZ OCHOA,FRANCISCO","SANCHEZ,FRANCISCO",85
"SANCHEZ,JOHN EDER","SANCHEZ,JOHN EDER",100
"SANCHEZ LOPEZ,JOSE GUADALUPE","SANCHEZ,JOSE GUADALUPE",85
"SANCHEZ CHAPUL,LAURA","SANCHEZ,LAURA",8.333.333.333.333.330
"SANCHEZ MIER,LUIS","SANCHEZ,LUIS A",7.684.210.526.315.780
"SANCHEZ COLON,SALVADOR","SANCHEZ,SALVADOR",85
"SANDOVAL CORTES,JOSE","SANDOVAL,JOSE",8.478.260.869.565.210
"SANIGER BLESA,JOSE MANUEL","SANIGER BLESA,JOSE MANUEL",100
"SANTANA ARANDA,MIGUEL ANGEL","SANTANA,MIGUEL ANGEL",8.333.333.333.333.330
"SANTIAGO GARCIA,JOSE LUIS","SANTIAGO GARCIA,JOSE LUIS",100
"SANTILLAN GODINEZ,ORLANDO","SANTILLAN GODINEZ,ORLANDO",100
"SANTOS CUEVAS,CLARA LETICIA","SANTOS CUEVAS,CLARA LETICIA",100
"SANTOS ZEA,LILIANA","SANTOS ZEA,LILIANA",100
"SANTOS GARCIA,ARTURO","SANTOS,ARTURO",8.157.894.736.842.100
"SAUCEDO FLORES,EMMANUEL","SAUCEDO FLORES,EMMANUEL",100
"SCHACHT HERNANDEZ,PERSI","SCHACHT HERNANDEZ,PERSI",100
"SEINGIER,GEORGES","SCHREINER,GEORGE",8.144.796.380.090.490
"SCIUTTO CONDE,EDDA LYDIA","SCIUTTO CONDE,EDDA LYDIA",100
"SEGOVIA QUINTERO,MANUEL ALBERTO","SEGOVIA QUINTERO,MANUEL ALBERTO",100
"SEGURA PACHECO,BLANCA ANGELICA","SEGURA PACHECO,BLANCA ANGELICA",100
"SEGURA VELAZQUEZ,RENE ALVARO","SEGURA VELAZQUEZ,RENE ALVARO",100
"SERNA SALDIVAR,SERGIO ROMAN OTHON","SERNA SALDIVAR,SERGIO ROMAN OTHON",100
"SHLYAGIN,MIKHAIL","SHLYAGIN,MIKHAIL G",93.75
"SMOLENTSEVA,ELENA","SMOLENTSEVA,ELENA",100
"SOBERON CHAVEZ,MARIO","SOBERON CHAVEZ,MARIO",100
"SORIA LOPEZ,FRANCISCO JAVIER","SORIA,FRANCISCO JAVIER",81.25
"SOSA BLANCO,CESAR ALBERTO","SOSA BLANCO,CESAR ALBERTO",100
"SOTELO LERMA,MERIDA","SOTELO LERMA,MERIDA",100
"SOTO EGUIBAR,ENRIQUE","SOTO EGUIBAR,ENRIQUE",100
"SOTO PEREDO,CLAUDIA ANGELICA","SOTO PEREDO,CLAUDIA ANGELICA",100
"STEPHENS STEVENS,CHRISTOPHER RHODES","STEPHENS,CHRISTOPER R",7.333.333.333.333.330
"STEPHENS STEVENS,CHRISTOPHER RHODES","STEPHENS,CHRISTOPHER",7.126.436.781.609.190
"SUAREZ DOMINGUEZ,EDGARDO JONATHAN","SUAREZ DOMINGUEZ,EDGARDO JONATHAN",100
"SUAREZ FRANCO,JOSE LUIS","SUAREZ,JOSE LUIS",8.157.894.736.842.100
"TALAMANTES SILVA,JOSE","TALAMANTES SILVA,JOSE",100
"TALAVERA ROJAS,MARTIN","TALAVERA,MARINA",7.803.030.303.030.300
"TERRES ROJAS,EDUARDO","TERRES ROJAS,EDUARDO",100
"TERRONES MALDONADO,HUMBERTO","TERRONES MALDONADO,HUMBERTO",100
"TERRONES MALDONADO,MAURICIO","TERRONES MALDONADO,MAURICIO",100
"TERVEN SALINAS,JUAN RAMON","TERVEN SALINAS,JUAN RAMON",100
"TOLEDO ANTONIO,JOSE ANTONIO","TOLEDO ANTONIO,JOSE ANTONIO",100
"TORRES CISNEROS,MIGUEL","TORRES CISNEROS,MIGUEL",100
"TORRES GARCIA,ENELIO","TORRES GARCIA,ENELIO",100
"TORRES MANCERA,LEON PABLO","TORRES MANCERA,LEON PABLO",100
"TORRES MARAVILLA,EDGAR","TORRES MARAVILLA,EDGAR",100
"TORRES OLGUIN,RAYMUNDO ENRIQUE","TORRES OLGUIN,RAYMUNDO ENRIQUE",100
"TOVAR LOPEZ,FRANCISCO JAVIER","TOVAR LOPEZ,FRANCISCO JAVIER",100
"TREJO CORDOVA,GABRIEL","TREJO CORDOVA,GABRIEL",100
"TREJO RODRIGUEZ,ARTURO","TREJO RODRIGUEZ,ARTURO",100
"URIBE SALAS,ALEJANDRO","URIBE SALAS,ALEJANDRO",100
"UTRILLA CARRERI,JOSE","UTRILLA CARRERI,JOSE",100
"VACAS JACQUES,PAULINO","VACAS JACQUES,PAULINO",100
"VALDEZ CRUZ,NORMA ADRIANA","VALDEZ CRUZ,NORMA ADRIANA",100
"VALDEZ FERNANDEZ,ANDRES ALEJANDRO","VALDEZ FERNANDEZ,ANDRES ALEJANDRO",100
"VALDEZ FLORES,MARCO ANTONIO","VALDEZ,MARCO ANTONIO FLORES",7.097.288.676.236.040
"VALDIVIA BARRIENTOS,RICARDO","VALDIVIA BARRIENTOS,RICARDO",100
"VALDIVIEZO MIJANGOS,OSCAR CERAPIO","VALDIVIEZO MIJANGOS,OSCAR CERAPIO",100
"VALENCIA GALLEGOS,JESUS ANGEL","VALENCIA GALLEGOS,JESUS ANGEL",100
"VALENCIA ISLAS,ARTURO","VALENCIA,ARTURO",8.636.363.636.363.630
"VALENZUELA GARZA,RICARDO","VALENZUELA,RICARDO",8.846.153.846.153.840
"VALDEZ DELGADO,ROGELIO","VALENZUELA,ROGELIO",8.333.333.333.333.330
"VALLEJO CARDONA,ALBA ADRIANA","VALLEJO CARDONA,ALBA ADRIANA",100
"VALLEJO GALLAND,BELINDA","VALLEJO GALLAND,BELINDA",100
"VALTIERRA GALLARDO,SALVADOR","VALTIERRA GALLARDO,SALVADOR",100
"VARGAS ARISPURO,IRASEMA DEL CARMEN","VARGAS ARISPURO,IRASEMA DEL CARMEN",100
"VARGAS ESCUDERO,ALFREDO","VARGAS ESCUDERO,ALFREDO",100
"VARGAS GUTIERREZ,GREGORIO","VARGAS GUTIERREZ,GREGORIO",100
"VARGAS LUNA,FRANCISCO MIGUEL","VARGAS LUNA,FRANCISCO M",9.074.074.074.074.070
"VARGAS MAGANA,MARCOS CESAR","VARGAS MAGANA,MARCOS CESAR",100
"VARGAS OBIETA,CARLOS","VARGAS,CARLOS",8.157.894.736.842.100
"VARGAS BERNAL,RAFAEL","VARGAS,RAFAEL",8.157.894.736.842.100
"VARGAS RAMOS,RODRIGO","VARGAS,RODRIGO",8.333.333.333.333.330
"VASILIEVNA KHARISSOVA,OXANA","VASILIEVNA KHARISSOVA,OXANA",100
"VAZQUEZ CASTILLO,JAVIER","VAZQUEZ CASTILLO,JAVIER",100
"VAZQUEZ DUHALT,RAFAEL","VAZQUEZ DUHALT,RAFAEL",100
"VAZQUEZ DURAN,ALMA GUADALUPE","VAZQUEZ DURAN,ALMA GUADALUPE",100
"VAZQUEZ GUEVARA,MIGUEL ANGEL","VAZQUEZ GUEVARA,MIGUEL ANGEL",100
"VAZQUEZ MORENO,FLAVIO SALVADOR","VAZQUEZ MORENO,FLAVIO SALVADOR",100
"VAZQUEZ NAVA,NIMROD","VAZQUEZ NAVA,NIMROD",100
"VAZQUEZ OVIEDO,ERICK ISRAEL","VAZQUEZ OVIEDO,ERICK ISRAEL",100
"VAZQUEZ VILLEGAS,OLGA PATRICIA","VAZQUEZ VILLEGAS,OLGA PATRICIA",100
"VAZQUEZ DIMAS,ALEJANDRO","VAZQUEZ,ALEJANDRO",85
"ROSAS VAZQUEZ,CARLOS","VAZQUEZ,CARLOS",85
"WARIO VAZQUEZ,FERNANDO","VAZQUEZ,FERNANDO",85
"VAZQUEZ PRADO,JOSE","VAZQUEZ,JOSE",85
"VAZQUEZ LEON,LUIS","VAZQUEZ,LUIS",8.684.210.526.315.780
"VAZQUEZ LIRA,MARIA ELENA","VAZQUEZ,MARIA ELENA",8.684.210.526.315.780
"VAZQUEZ VERA,OSCAR","VAZQUEZ,OSCAR",8.684.210.526.315.780
"VEGA MERINO,PEDRO MARTIN","VEGA MERINO,PEDRO MARTIN",100
"VEGA PAZ,ARACELI","VEGA PAZ,ARACELI",100
"VEGA Y SAENZ DE MIERA,MARIA DEL ROSARIO GUADALUPE","VEGA Y SAENZ DE MIERA,MARIA DEL ROSARIO GUADALUPE",100
"VEGA BAEZ,JOSE LUIS","VEGA,JOSE L",7.076.923.076.923.070
"VELA GARCIA,LUIS RENE","VELA GARCIA,LUIS RENE",100
"VELASCO TELLEZ,ABRAHAM","VELASCO TELLEZ,ABRAHAM",100
"VELASCO CAMPOS,MARCOS","VELASCO,MARCOS",8.333.333.333.333.330
"VELAZQUEZ SALAZAR,J. JESUS","VELAZQUEZ SALAZAR,J JESUS",9.666.666.666.666.660
"VELAZQUEZ VARELA,JOSE","VELAZQUEZ,JOSE",86
"VELEZ ARGUMEDO,CATALINA MARIA","VELEZ ARGUMEDO,CATALINA MARIA",100
"VERA MONTENEGRO,REMEDIOS YOLANDA","VERA MONTENEGRO,REMEDIOS YOLANDA",100
"VILCHIS GONZALEZ,ADRIANA HERLINDA","VILCHIS GONZALEZ,ADRIANA HERLINDA",100
"VILLA Y TREVINO,SAUL","VILLA TREVINO,SAUL",9.642.857.142.857.140
"VILLAGOMEZ IBARRA,JOSE ROBERTO","VILLAGOMEZ IBARRA,JOSE ROBERTO",100
"VILLANUEVA PONCE,RODRIGO","VILLANUEVA PONCE,RODRIGO",100
"VILLANUEVA VALADEZ,CARLOS","VILLANUEVA,CARLOS",8.571.428.571.428.570
"VILLANUEVA OLEA,RAFAEL","VILLANUEVA,RAFAEL",90
"VILLANUEVA PONCE,RODRIGO","VILLANUEVA,RODRIGO",8.846.153.846.153.840
"VILLARREAL GUERRA,BLANCA LORENA","VILLARREAL GUERRA,BLANCA LORENA",100
"VILLARREAL REYES,SALVADOR","VILLARREAL,SALVADOR",8.846.153.846.153.840
"VILLASENOR PINEDA,LUIS","VILLASENOR,LUIS",8.703.703.703.703.700
"VIRAMONTES BROWN,RICARDO","VIRAMONTES BROWN,RICARDO",100
"VITE VALLEJO,ODON","VITE VALLEJO,ODON",100
"WAELBROECK GOGNEAUX,HENRI","WAELBROECK,HENRI",8.448.275.862.068.960
"WILLIAMS ,TREVOR","WILLIAMS,TREVOR",100
"WINKLER,ROBERT","WINKLER,ROBERT",100
"WONG RAMIREZ,CARLOS","WONG RAMIREZ,CARLOS",100
"XICOHTENCATL CORTES,JUAN","XICOHTENCATL CORTES,JUAN",100
"YU LIU,WEN","XU LI,OWEN",7.922.077.922.077.920
"YANEZ LIMON,JOSE MARTIN","YANEZ LIMON,JOSE MARTIN",100
"YANEZ SOTO,BERNARDO","YANEZ SOTO,BERNARDO",100
"ZAMUDIO RIVERA,LUIS SILVESTRE","ZAMUDIO RIVERA,LUIS SILVESTRE",100
"ZAMUDIO ZUNIGA,FERNANDO","ZAMUDIO ZUNIGA,FERNANDO",100
"ZAPATA PENASCO,NORMA ICOQUIH","ZAPATA PENASCO,NORMA ICOQUIH",100
"ZAPATA RENDON,BEATRIZ","ZAPATA RENDON,BEATRIZ",100
"ZARAGOZA CONTRERAS,ERASTO ARMANDO","ZARAGOZA CONTRERAS,ERASTO ARMANDO",100
"ZAVALA OLIVARES,GERARDO","ZAVALA OLIVARES,GERARDO",100
"ZAVALA YOE,RICARDO","ZAVALA,RICARDO",87.5
"ZENTENO RAMIREZ,ANTONIO","ZENTENO RAMIREZ,ANTONIO",100
"ZEPEDA PARTIDA,TRINO ARMANDO","ZEPEDA PARTIDA,TRINO ARMANDO",100
"ZOLOTUKHIN,MIKHAIL","ZOLOTUKHIN,MIKHAIL",100